product_id,title,maker,year_made,type,type_number,number_of_packs,cards_per_pack,description,prodid,quantity,number_of_cards_in_a_set,number_of_sets_per_box,validation_status,chase_set_name,chase_set_count,chase_set_type,chase_set_odds
1,21 Jump Street,Topps,1987,base,0,48,6,5 STICKERS WITH PUZZLE BACKS PER PACK FEATURING SCENES FROM THE TV SERIES STARRING JOHNNY DEPP. ,NULL,2,NULL,NULL,enriched,NULL,NULL,NULL,NULL
2,A Team,Topps,1983,base,0,36,11,THE POPULAR TV HIT THE A-TEAM !,NULL,1,NULL,NULL,enriched,NULL,NULL,NULL,NULL
254,Abbott & Costello,DuoCards,1996,box,0,30,7,NULL,NULL,0,NULL,NULL,enriched,NULL,NULL,NULL,NULL
3,Aladdin (Disney's),Panini,1993,base,0,36,8,BASED ON THE DISNEY ANIMATED MOVIE.,NULL,2,NULL,NULL,enriched,NULL,NULL,NULL,NULL
482,Aladdin (Disney's),SkyBox,1993,base,0,NULL,NULL,BASED ON THE DISNEY ANIMATED MOVIE.,NULL,2,NULL,NULL,enriched,NULL,NULL,NULL,NULL
483,Aladdin (Disney's),NULL,1993,chase,0,NULL,NULL,NULL,NULL,2,NULL,NULL,enriched,NULL,NULL,NULL,NULL
265,Alf 1,NULL,1987,box,0,NULL,NULL,NULL,NULL,0,NULL,NULL,enriched,NULL,NULL,NULL,NULL
5,Alf 2,Topps,1988,base,0,48,6,BASED ON THE HIT TV SHOW. CARDS ARE NUMBERED 48 THROUGH 91 AND B23 THROUGH B44 AND STICKERS ARE NUMBERED 19 THROUGH 29. ,NULL,1,NULL,NULL,enriched,NULL,NULL,NULL,NULL
6,Alien 3,Star Pics,1992,base,0,36,10,"Based on the Movie series, with Sigourney Weaver.",NULL,1,NULL,NULL,enriched,NULL,NULL,NULL,NULL
7,Alien 79,Topps,1979,base,0,36,10,"Based on the Movie series, with Sigourney Weaver.",NULL,1,NULL,NULL,enriched,NULL,NULL,NULL,NULL
8,Aliens vs. Preditor,Inkworks,2004,box,0,36,7,Based on the Movie series.,NULL,0,NULL,NULL,enriched,NULL,NULL,NULL,NULL
9,American Cycles,NULL,NULL,base,0,NULL,NULL,NULL,NULL,1,,,unvalidated,,,,
10,American Vintage Cycles,Champs,1992,base,100,NULL,NULL,NULL,NULL,2,NULL,NULL,enriched,NULL,NULL,NULL,NULL
266,An American Tail: Fievel goes West,NULL,1991,box,0,NULL,NULL,NULL,NULL,0,NULL,NULL,enriched,NULL,NULL,NULL,NULL
11,Andy Griffith 1,NULL,1990,base,0,NULL,NULL,NULL,NULL,1,NULL,NULL,enriched,NULL,NULL,NULL,NULL
12,Andy Griffith 2,NULL,1990,box,0,NULL,NULL,NULL,NULL,0,NULL,NULL,enriched,NULL,NULL,NULL,NULL
13,Andy Griffith 3,NULL,1990,box,0,NULL,NULL,NULL,NULL,0,NULL,NULL,enriched,NULL,NULL,NULL,NULL
263,Archie,NULL,1992,box,0,NULL,NULL,NULL,NULL,0,120,NULL,enriched,NULL,NULL,NULL,NULL
269,Art Treasures of the Vatican,NULL,1997,box,0,NULL,NULL,NULL,NULL,0,NULL,NULL,enriched,NULL,NULL,NULL,NULL
455,"Avengers, The 1",Cornerstone,1992,box,81,36,10,NULL,NULL,0,NULL,NULL,enriched,NULL,NULL,NULL,NULL
456,"Avengers, The 2 (in color)",Cornerstone,1993,base,99,36,10,NULL,NULL,2,NULL,NULL,enriched,NULL,NULL,NULL,NULL
14,Bablyon 5 S1,NULL,1995,base,0,NULL,NULL,Ultra?,NULL,1,NULL,NULL,enriched,NULL,NULL,NULL,NULL
15,Bablyon 5 S2,Fleer,1996,base,0,48,8,Base Set (60) -- Chase Cards -- ** Babylon 5 Trivia Set (50) (1:2 packs) ** **  Nightwatch Poster Set (10) (1:5 packs) ** **  Creator's Collection Set (10) (1:10 packs) ** **  Comming of Shadows Set (9) (1:10 packs) ** **  Laser Cut Cards (2),NULL,2,NULL,NULL,enriched,NULL,NULL,NULL,NULL
16,Bablyon 5 S3,SkyBox,1997,base,0,36,8,Sp Ed.,NULL,1,NULL,NULL,enriched,NULL,NULL,NULL,NULL
17,Bablyon 5 S4,Fleer,1997,base,0,36,8,NULL,NULL,1,NULL,NULL,enriched,NULL,NULL,NULL,NULL
255,Bablyon 5 S5,Fleer,1998,box,0,36,8,"FROM THE 5TH SEASON OF THE TV SERIES. A BOX CONTAINS APPROX. 36 PARALLEL EMBOSSED CARDS, 6 THIRDSPACE TNT CARDS, 9 RIVER OF SOULS CARDS, 4 SLEEPING IN LIGHT CARDS, 4 ONE EXIT AT A TIME CARDS, AND 1 AUTOGRAPHED CARD. ",NULL,0,NULL,NULL,enriched,NULL,NULL,NULL,NULL
18,Back to the Future 2,NULL,1989,base,0,NULL,NULL,NULL,NULL,1,NULL,NULL,enriched,NULL,NULL,NULL,NULL
19,Bars. Ken - The Beast Within,NULL,1994,box,0,NULL,NULL,NULL,NULL,0,32,NULL,enriched,NULL,NULL,NULL,NULL
20,Batman & Robin,NULL,1997,base,0,NULL,NULL,NULL,NULL,1,NULL,NULL,enriched,NULL,NULL,NULL,NULL
424,Batman & Robin: The Adventures Series,NULL,1995,box,0,30,NULL,NULL,NULL,0,NULL,NULL,enriched,NULL,NULL,NULL,NULL
21,Batman 1,NULL,1966,base,0,NULL,NULL,NULL,NULL,3,NULL,NULL,enriched,NULL,NULL,NULL,NULL
22,Batman 2,NULL,1989,base,0,NULL,NULL,NULL,NULL,2,NULL,NULL,enriched,NULL,NULL,NULL,NULL
272,Batman Forever,NULL,1995,box,0,NULL,NULL,NULL,NULL,0,NULL,NULL,enriched,NULL,NULL,NULL,NULL
509,Batman Forever,NULL,1995,chase,0,NULL,NULL,Chase/Insert set: . Common sets,NULL,0,120,NULL,enriched,. Common sets,120,Other,NULL
510,Batman Forever,NULL,1995,chase,0,NULL,NULL,Chase/Insert set: . Common sets,NULL,0,120,NULL,enriched,. Common sets,120,Other,1:00 packs
511,Batman Forever,NULL,1995,chase,0,NULL,NULL,Chase/Insert set: s). Common sets,NULL,0,120,NULL,enriched,s). Common sets,120,Other,1:8 packs
484,Batman Returns - OPC,O-Pee-Chee,1992,chase,0,NULL,NULL,NULL,NULL,1,100,NULL,enriched,NULL,NULL,NULL,NULL
512,Batman Returns - OPC,O-Pee-Chee,1992,chase,0,NULL,NULL,Chase/Insert set: s: approx. 3.60 per box. O-Pee-Chee Box: 36 packs of 5 cards + 1 Stadium Club card. Common sets,NULL,0,89,NULL,enriched,s: approx. 3.60 per box. O-Pee-Chee Box: 36 packs of 5 cards + 1 Stadium Club card. Common sets,89,Other,NULL
485,Batman Returns - OPC,O-Pee-Chee,1992,base,0,NULL,NULL,NULL,NULL,2,100,NULL,enriched,s: approx. 3.60 per box. O-Pee-Chee Box: 36 packs of 5 cards + 1 Stadium Club card. Common sets,89,Other,NULL
513,Batman Returns - OPC,O-Pee-Chee,1992,chase,0,NULL,NULL,Chase/Insert set: s: approx. 3.60 per box. O-Pee-Chee Box: 36 packs of 5 cards + 1 Stadium Club card. Common sets,NULL,0,89,NULL,enriched,s: approx. 3.60 per box. O-Pee-Chee Box: 36 packs of 5 cards + 1 Stadium Club card. Common sets,89,Other,NULL
24,Batman Returns - Topps,Topps,1992,box,0,NULL,NULL,NULL,NULL,0,100,NULL,enriched,NULL,NULL,NULL,NULL
514,Batman Returns - Topps,Topps,1992,chase,0,NULL,NULL,Chase/Insert set: s: approx. 3.60 per box. O-Pee-Chee Box: 36 packs of 5 cards + 1 Stadium Club card. Common sets,NULL,0,89,NULL,enriched,s: approx. 3.60 per box. O-Pee-Chee Box: 36 packs of 5 cards + 1 Stadium Club card. Common sets,89,Other,NULL
273,Batman Returns Movie Photo Cards,NULL,1992,base,0,NULL,NULL,NULL,NULL,1,NULL,NULL,enriched,NULL,NULL,NULL,NULL
25,Batman Saga of the Dark Night,NULL,1994,box,0,NULL,NULL,NULL,NULL,0,NULL,NULL,enriched,NULL,NULL,NULL,NULL
276,Batman The Adventures Series,NULL,1993,box,0,NULL,NULL,NULL,NULL,0,NULL,NULL,enriched,NULL,NULL,NULL,NULL
275,Batman The Master Series,NULL,1996,base,0,NULL,NULL,NULL,NULL,1,NULL,NULL,enriched,NULL,NULL,NULL,NULL
26,Battle Cards,NULL,1994,base,0,NULL,NULL,NULL,NULL,1,NULL,NULL,enriched,NULL,NULL,NULL,NULL
27,Battlestar Galactica,Dart Flipcards,1996,insert,0,30,7,30 packs per box 7 cards per pack: Base Set (72) ** Gold-Foil Set (6) ** Big Boy Set (4) ** Personally signed autographed card from Richard Hatch ** RANDOMLY  INSERTED 7 cards per pack 30 packs per box Se,NULL,1,NULL,NULL,enriched,NULL,NULL,NULL,NULL
486,Battlestar Galactica,Dart Flipcards,1996,sticker,0,30,7,NULL,NULL,1,NULL,NULL,enriched,NULL,NULL,NULL,NULL
487,Battlestar Galactica,Dart Flipcards,1996,base,0,30,7,NULL,NULL,1,NULL,NULL,enriched,NULL,NULL,NULL,NULL
459,Battlestar Galactica 2006,NULL,2006,box,0,NULL,NULL,NULL,NULL,0,NULL,NULL,enriched,NULL,NULL,NULL,NULL
278,"Beatles, The: Yellow Submaarine",NULL,1999,box,0,NULL,NULL,NULL,NULL,0,NULL,NULL,enriched,NULL,NULL,NULL,NULL
29,Beauty and the Beast. The,NULL,1992,base,0,NULL,NULL,NULL,NULL,2,NULL,NULL,enriched,NULL,NULL,NULL,NULL
30,Beetle Bailey,Authentix,1995,base,0,36,6,NULL,NULL,1,50,NULL,enriched,NULL,NULL,NULL,NULL
31,Beetlejuice,NULL,1990,base,0,NULL,NULL,NULL,NULL,1,100,NULL,enriched,NULL,NULL,NULL,NULL
32,Bell. Julie,NULL,1994,base,0,NULL,NULL,NULL,NULL,2,NULL,NULL,enriched,NULL,NULL,NULL,NULL
33,Betty Boop S1,Krome,1995,base,0,36,NULL,NULL,NULL,1,NULL,NULL,enriched,NULL,NULL,NULL,NULL
34,Betty Boop S2,Krome,1997,box,0,36,4,NULL,NULL,0,50,3,enriched,Holochrome Sticker Set,50,Holographic,1:1 packs
516,Betty Boop S2,Krome,1997,chase,0,NULL,NULL,Chase/Insert: Holochrome Sticker Set (50 cards),NULL,0,50,NULL,enriched,Holochrome Sticker Set,50,Holographic,1:1 packs
35,Betty Boop S3,Krome,1997,box,0,36,NULL,NULL,NULL,0,,,unvalidated,,,,
36,Betty Boop S3 sparkle,Krome,1997,base,0,36,NULL,NULL,NULL,2,,,unvalidated,,,,
488,Betty Boop Chrome,Krome,NULL,base,0,NULL,NULL,NULL,NULL,2,,,unvalidated,,,,
37,Bill & Ted's most excelent Adventure,NULL,1991,base,0,NULL,NULL,NULL,NULL,1,NULL,NULL,enriched,NULL,NULL,NULL,NULL
38,Bionic Man. The,NULL,2013,base,0,NULL,NULL,NULL,NULL,1,NULL,NULL,enriched,NULL,NULL,NULL,NULL
39,Bionic Woman,NULL,1976,base,0,NULL,NULL,NULL,NULL,1,NULL,NULL,enriched,NULL,NULL,NULL,NULL
40,"Black Hole, The",NULL,1979,base,0,NULL,NULL,NULL,NULL,2,NULL,NULL,enriched,NULL,NULL,NULL,NULL
489,"Black Hole, The",NULL,1979,sticker,0,NULL,NULL,NULL,NULL,1,NULL,NULL,enriched,NULL,NULL,NULL,NULL
41,Blondie,NULL,1995,base,0,NULL,NULL,NULL,NULL,1,NULL,NULL,enriched,NULL,NULL,NULL,NULL
42,Blue & Gray,NULL,1996,base,0,NULL,NULL,NULL,NULL,1,NULL,NULL,enriched,NULL,NULL,NULL,NULL
43,Blue Angels,Sterling Cards,1991,box,0,NULL,NULL,NULL,NULL,0,NULL,NULL,enriched,NULL,NULL,NULL,NULL
44,Boris 1,Comic Images,1991,base,0,NULL,NULL,NULL,NULL,1,90,NULL,enriched,NULL,NULL,NULL,NULL
45,Boris 2,Comic Images,1992,base,0,NULL,NULL,NULL,NULL,1,NULL,NULL,enriched,NULL,NULL,NULL,NULL
46,Boris 3,Comic Images,1993,box,0,NULL,NULL,NULL,NULL,0,NULL,NULL,enriched,NULL,NULL,NULL,NULL
47,Boris 4,Comic Images,1994,base,0,NULL,NULL,NULL,NULL,1,32,NULL,enriched,NULL,NULL,NULL,NULL
283,Branson: On Stage,NULL,1992,box,0,NULL,NULL,NULL,NULL,0,NULL,NULL,enriched,NULL,NULL,NULL,NULL
48,Buck Rogers in the 25th Century,NULL,1979,base,0,NULL,NULL,NULL,NULL,2,NULL,NULL,enriched,NULL,NULL,NULL,NULL
284,California Rasins: World Tour,NULL,1988,box,0,NULL,NULL,NULL,NULL,0,NULL,NULL,enriched,NULL,NULL,NULL,NULL
50,Casper,NULL,1995,base,0,NULL,NULL,NULL,NULL,2,NULL,NULL,enriched,"stamped and do not have the glossy ""Ultra"" finish. Collect! 's price guide placed its value at half of the value of the Ultra set. The chase cards appeared only in the Fleer Ultra packs. There are no #13 nor #77 cards; the titles identified in the checklist card are found on a second instance of cards #12 and #69. An Ultra error card has been spotted, bearing a back from the MTV set #1 ""Trevor Reveals Himself."" Many thanks to Carlos Aranda-Díaz for the chase-card lists! Ultra Box: 36 packs of 6 cards. Common sets: approx. 1.61 per box if collation were perfect. Ultra Jumbo box: 24 packs of 10 cards. Common sets: approximately 1.88 per box. Non-Ultra Box: 18 packs of 6 cards. Common sets: approximately 0.91 per box. Non-Ultra Large Box: 100 packs of 6 cards. Common sets: approximately 5.04 per box. No. Title 1 Casper 2 Kat Harvey 3 Dr. James Harvey 4 Stretch 5 Stinkie 6 Fatso 7 Carrigan Crittenden 8 Dibs 9 Double Dare 10 The Will to Succeed 11 Money To Burn",12,Other,NULL
518,Casper,NULL,1995,chase,0,NULL,NULL,"Chase/Insert set: stamped and do not have the glossy ""Ultra"" finish. Collect! 's price guide placed its value at half of the value of the Ultra set. The chase cards appeared only in the Fleer Ultra packs. There are no #13 nor #77 cards; the titles identified in the checklist card are found on a second instance of cards #12 and #69. An Ultra error card has been spotted, bearing a back from the MTV set #1 ""Trevor Reveals Himself."" Many thanks to Carlos Aranda-Díaz for the chase-card lists! Ultra Box: 36 packs of 6 cards. Common sets: approx. 1.61 per box if collation were perfect. Ultra Jumbo box: 24 packs of 10 cards. Common sets: approximately 1.88 per box. Non-Ultra Box: 18 packs of 6 cards. Common sets: approximately 0.91 per box. Non-Ultra Large Box: 100 packs of 6 cards. Common sets: approximately 5.04 per box. No. Title 1 Casper 2 Kat Harvey 3 Dr. James Harvey 4 Stretch 5 Stinkie 6 Fatso 7 Carrigan Crittenden 8 Dibs 9 Double Dare 10 The Will to Succeed 11 Money To Burn",NULL,0,12,NULL,enriched,"stamped and do not have the glossy ""Ultra"" finish. Collect! 's price guide placed its value at half of the value of the Ultra set. The chase cards appeared only in the Fleer Ultra packs. There are no #13 nor #77 cards; the titles identified in the checklist card are found on a second instance of cards #12 and #69. An Ultra error card has been spotted, bearing a back from the MTV set #1 ""Trevor Reveals Himself."" Many thanks to Carlos Aranda-Díaz for the chase-card lists! Ultra Box: 36 packs of 6 cards. Common sets: approx. 1.61 per box if collation were perfect. Ultra Jumbo box: 24 packs of 10 cards. Common sets: approximately 1.88 per box. Non-Ultra Box: 18 packs of 6 cards. Common sets: approximately 0.91 per box. Non-Ultra Large Box: 100 packs of 6 cards. Common sets: approximately 5.04 per box. No. Title 1 Casper 2 Kat Harvey 3 Dr. James Harvey 4 Stretch 5 Stinkie 6 Fatso 7 Carrigan Crittenden 8 Dibs 9 Double Dare 10 The Will to Succeed 11 Money To Burn",12,Other,NULL
519,Casper,NULL,1995,chase,0,NULL,NULL,"Chase/Insert set: Boo-Livery 30 Ghost-undheit! 31 A Surprise Shower 32 Looking Sharp 33 Making a Point 34 Taking the Plunger! 35 A Sorta Sword Play 36 Stretch the In-specter 37 Plenty of Nothing 38 Sucking Up to the Trio 39 Moonlight Reflection 40 Who ya gonna call? Dustbuster?! 41 Well, Shut My Mouth 42 ""Flipping"" Over Breakfast 43 A Touching Moment 44 Compliments to the Chef 45 Wicket Ghosts of the East 46 Sunbathing Specters 47 Here Comes the Junk 48 Breakfast in Bed-Lam 49 Food For Thought 50 In One Fell Sweep 51 Dissin' the Dead 52 All Messed Up 53 The Teen-Queen of Mean 54 She's Just His Speed 55 Missing His Missus 56 We'll Deal Ya For Amelia 57 Spectral Delivery 58 A No-Ghost Toast! 59 America, the Boo-tiful 60 Give Her a Hand 61 Dead Ringer 62 Show Some Respect, Specter! 63 The Doctor Is In 64 A Night Caller 65 Love to Hang Around, But ... 66 Can't I Have This Dance? 67 A Shirt's Tale 68 BOO-lloons Anyone?",NULL,0,69,NULL,enriched,"Boo-Livery 30 Ghost-undheit! 31 A Surprise Shower 32 Looking Sharp 33 Making a Point 34 Taking the Plunger! 35 A Sorta Sword Play 36 Stretch the In-specter 37 Plenty of Nothing 38 Sucking Up to the Trio 39 Moonlight Reflection 40 Who ya gonna call? Dustbuster?! 41 Well, Shut My Mouth 42 ""Flipping"" Over Breakfast 43 A Touching Moment 44 Compliments to the Chef 45 Wicket Ghosts of the East 46 Sunbathing Specters 47 Here Comes the Junk 48 Breakfast in Bed-Lam 49 Food For Thought 50 In One Fell Sweep 51 Dissin' the Dead 52 All Messed Up 53 The Teen-Queen of Mean 54 She's Just His Speed 55 Missing His Missus 56 We'll Deal Ya For Amelia 57 Spectral Delivery 58 A No-Ghost Toast! 59 America, the Boo-tiful 60 Give Her a Hand 61 Dead Ringer 62 Show Some Respect, Specter! 63 The Doctor Is In 64 A Night Caller 65 Love to Hang Around, But ... 66 Can't I Have This Dance? 67 A Shirt's Tale 68 BOO-lloons Anyone?",69,Other,NULL
426,Christina Aguilera,Upper Deck,2000,box,0,36,4,NULL,NULL,0,NULL,NULL,enriched,NULL,NULL,NULL,NULL
285,Cinderella (Walt Disney's),NULL,1995,base,0,NULL,NULL,NULL,NULL,1,NULL,NULL,enriched,NULL,NULL,NULL,NULL
286,Cindy Lauper,NULL,1985,box,0,NULL,NULL,NULL,NULL,0,NULL,NULL,enriched,NULL,NULL,NULL,NULL
51,Civil War,NULL,1996,base,0,NULL,NULL,NULL,NULL,1,NULL,NULL,enriched,NULL,NULL,NULL,NULL
52,Close Encounters of the Third Kind,NULL,1978,base,0,NULL,NULL,NULL,NULL,3,NULL,NULL,enriched,NULL,NULL,NULL,NULL
490,Close Encounters of the Third Kind,NULL,1978,sticker,0,NULL,NULL,NULL,NULL,2,NULL,NULL,enriched,NULL,NULL,NULL,NULL
53,Coca Cola 1,NULL,1993,base,0,NULL,NULL,NULL,NULL,3,NULL,NULL,enriched,NULL,NULL,NULL,NULL
54,Coca Cola 2,NULL,1994,base,0,NULL,NULL,NULL,NULL,1,NULL,NULL,enriched,NULL,NULL,NULL,NULL
55,Coca Cola 3,NULL,1995,base,0,NULL,NULL,NULL,NULL,1,NULL,NULL,enriched,NULL,NULL,NULL,NULL
56,Coca Cola Santa Around the World,NULL,2001,base,0,NULL,NULL,NULL,NULL,1,NULL,NULL,enriched,NULL,NULL,NULL,NULL
57,Coca Cola Sign of Good Taste,NULL,1996,box,0,NULL,NULL,NULL,NULL,0,NULL,NULL,enriched,NULL,NULL,NULL,NULL
58,Colossal Conflicts,NULL,NULL,base,0,NULL,NULL,NULL,NULL,1,,,unvalidated,,,,
59,Conan 1,NULL,1993,base,0,NULL,NULL,NULL,NULL,2,100,NULL,enriched,NULL,NULL,NULL,NULL
60,Conan 2,NULL,1994,base,0,NULL,NULL,NULL,NULL,1,100,NULL,enriched,NULL,NULL,NULL,NULL
427,Conan II All Chromium,NULL,1994,box,0,30,NULL,NULL,NULL,0,100,NULL,enriched,NULL,NULL,NULL,NULL
288,Cosmic DC Cards Inaugural Edition,NULL,1992,box,0,NULL,NULL,NULL,NULL,0,NULL,NULL,enriched,NULL,NULL,NULL,NULL
289,"Creators Universe, The",NULL,1993,box,0,NULL,NULL,NULL,NULL,0,NULL,NULL,enriched,NULL,NULL,NULL,NULL
61,Cycles,NULL,NULL,box,0,NULL,NULL,NULL,NULL,0,,,unvalidated,,,,
62,Dalla,NULL,1981,box,0,NULL,NULL,NULL,NULL,0,NULL,NULL,enriched,NULL,NULL,NULL,NULL
428,Dark Crystal,NULL,1982,box,0,30,NULL,NULL,NULL,0,NULL,NULL,enriched,NULL,NULL,NULL,NULL
63,Darktarie,NULL,NULL,box,0,NULL,NULL,NULL,NULL,0,,,unvalidated,,,,
64,David Matingly,NULL,1995,base,0,NULL,NULL,NULL,NULL,1,NULL,NULL,enriched,NULL,NULL,NULL,NULL
491,Coca Cola S4,NULL,1995,base,0,NULL,NULL,NULL,NULL,1,NULL,NULL,enriched,NULL,NULL,NULL,NULL
492,Campbell's Soup 1,NULL,1995,base,0,NULL,NULL,NULL,NULL,1,NULL,NULL,enriched,NULL,NULL,NULL,NULL
493,Coca Cola Wide 96,NULL,1996,base,0,NULL,NULL,NULL,NULL,2,NULL,NULL,enriched,Edition Cels,48,Other,NULL
520,Coca Cola Wide 96,NULL,1996,chase,0,NULL,NULL,Chase/Insert set: Edition Cels,NULL,0,48,NULL,enriched,Edition Cels,48,Other,NULL
521,Coca Cola Wide 96,NULL,1996,chase,0,NULL,NULL,Chase/Insert set: Edition Phone Cards,NULL,0,48,NULL,enriched,Edition Phone Cards,48,Other,NULL
522,Coca Cola Wide 96,NULL,1996,chase,0,NULL,NULL,Chase/Insert set: Edition Phone Cards,NULL,0,48,NULL,enriched,Edition Phone Cards,48,Other,NULL
65,DC Comics 91 - Impel   w/#44 trivia,NULL,1992,base,0,NULL,NULL,NULL,NULL,4,NULL,NULL,enriched,NULL,NULL,NULL,NULL
66,DC Comics 93,NULL,NULL,base,0,NULL,NULL,NULL,NULL,1,,,unvalidated,,,,
290,DC Comics Edition Premiere Series,NULL,NULL,box,0,NULL,NULL,NULL,NULL,0,,,unvalidated,,,,
291,DC Cosmic Teams,NULL,1993,base,0,NULL,NULL,NULL,NULL,1,NULL,NULL,enriched,NULL,NULL,NULL,NULL
292,Demoliton Man,NULL,1993,box,0,NULL,NULL,NULL,NULL,0,NULL,NULL,enriched,NULL,NULL,NULL,NULL
67,Desert Storm - Pro Set,Pro Set,1991,box,0,NULL,NULL,NULL,NULL,0,NULL,NULL,enriched,NULL,NULL,NULL,NULL
68,Desert Storm - Topps,Topps,1991,box,0,NULL,NULL,NULL,NULL,0,88,NULL,enriched,NULL,NULL,NULL,NULL
69,Dick Tracy,NULL,1990,base,0,NULL,NULL,NULL,NULL,1,NULL,NULL,enriched,NULL,NULL,NULL,NULL
71,Dinosaurs,1st Glance Prod.,NULL,box,0,NULL,NULL,NULL,NULL,0,,,unvalidated,,,,
70,Dinosaurs - T.V.,NULL,1992,box,0,NULL,NULL,NULL,NULL,0,NULL,NULL,enriched,NULL,NULL,NULL,NULL
494,Dinosaurs Attack,NULL,1988,sticker,0,NULL,NULL,NULL,NULL,3,NULL,NULL,enriched,NULL,NULL,NULL,NULL
72,Dinosaurs - The Mesazoic Era,NULL,1993,base,0,NULL,NULL,NULL,NULL,3,NULL,NULL,enriched,NULL,NULL,NULL,NULL
73,Dinotopia,NULL,1995,box,0,NULL,NULL,NULL,NULL,0,NULL,NULL,enriched,NULL,NULL,NULL,NULL
294,Disney Collector Cards Series I,NULL,1991,box,0,NULL,NULL,NULL,NULL,0,NULL,NULL,enriched,NULL,NULL,NULL,NULL
523,Disney Collector Cards Series I,NULL,1991,chase,0,NULL,NULL,"Chase/Insert set: s) through Toys 'R Us. The ""Favorite Stories"" cards were arranged so that a story would unfold when cards are placed in nine-pocket pages, e.g., A-B-C-D-E-F-G-H-I-1-2-3-4-5-6-7-8-9. Thanks to Walt Meder for the update! No. Title Story / Type Favorite Stories 1 G: ""A giant killer--me!?"" Brave Little Tailor 2 H: A hero's sendoff... Brave Little Tailor 3 I: ""How to catch a giant?"" Brave Little Tailor 4 D: ""Oh boy, seven in one blow!"" Brave Little Tailor 5 E: Gloom in the throne room... Brave Little Tailor 6 F: ""Conquer the giant--marry my daughter!"" Brave Little Tailor 7 A: Brave Little Tailor Brave Little Tailor 8 B: Citizens Beware! Brave Little Tailor 9 C: Bothered by flies... Brave Little Tailor 10 G: A place to hide... Bone Trouble 11 H: A tall story... Bone Trouble 12 I: ""Smile..."" Bone Trouble 13 D: A bone to pick... Bone Trouble 14 E: Caught in the act... Bone Trouble 15 F: Run for your life! Bone Trouble 16 A: Bone Trouble Bone Trouble 17 B: Breakfast for the birds... Bone Trouble 18 C: A guarded treasure... Bone Trouble 19 G: A bundle of joy? Clock Cleaners 20 H: Father Time! Clock Cleaners 21 I: Time out of mind... Clock Cleaners 22 D: Spring cleaning... Clock Cleaners 23 E: In the works! Clock Cleaners 24 F: A fine-feathered friend... Clock Cleaners 25 A: Clock Cleaners Clock Cleaners 26 B: Making a clean sweep... Clock Cleaners 27 C: Getting in gear... Clock Cleaners 28 G: ""Aw, nuts!"" Thru the Mirror 29 H: Feeling small... Thru the Mirror 30 I: Hats off to Mickey! Thru the Mirror 31 D: The true reflection... Thru the Mirror 32 E: Through the looking glass... Thru the Mirror 33 F: A tasty treat? Thru the Mirror 34 A: Thru The Mirror Thru the Mirror 35 B: A book of wonder... Thru the Mirror 36 C: A dream unfolds... Thru the Mirror 37 G: Caveman ballet... Orphans' Benefit 38 H: Swan dive or belly flop?! Orphans' Benefit 39 I: A poet's reprise... Orphans' Benefit 40 D: ""Little Boy Blue..."" Orphans' Benefit 41 E: ""Come blow your horn..."" Orphans' Benefit 42 F: Donald blows his stack! Orphans' Benefit 43 A: Orphans' Benefit Orphans' Benefit 44 B: Fun and games... Orphans' Benefit 45 C: ""Introducing Donald Duck..."" Orphans' Benefit 46 G: A real cat-astrophe! Pluto's Judgement Day 47 H: ""Swear in the prisoner!"" Pluto's Judgement Day 48 I: Public Enemy Number One! Pluto's Judgement Day 49 D: A perplexed pooch... Pluto's Judgement Day 50 E: Scared out of his skin... Pluto's Judgement Day 51 F: A taunting tomcat... Pluto's Judgement Day 52 A: Pluto's Judgement Day Pluto's Judgement Day 53 B: The chase is on... Pluto's Judgement Day 54 C: In the doghouse... Pluto's Judgement Day 55 G: The big night... Symphony Hour 56 H: Money is in the air... Symphony Hour 57 I: A disaster waiting to happen... Symphony Hour 58 D: Donald on drums... Symphony Hour 59 E: On first bass with Clara Cluck... Symphony Hour 60 F: Music to his ears! Symphony Hour 61 A: Symphony Hour Symphony Hour 62 B: Playing a mean horn... Symphony Hour 63 C: Stringing along with Clarabelle... Symphony Hour 64 G: ""Is anybody home?"" Lonesome Ghosts 65 H: ""One for all... All for one!"" Lonesome Ghosts 66 I: A spooky shadow... Lonesome Ghosts 67 D: A ghostly persuasion... Lonesome Ghosts 68 E: ""We're on the case!"" Lonesome Ghosts 69 F: ""A-ghosting we shall go!"" Lonesome Ghosts 70 A: Lonesome Ghosts Lonesome Ghosts 71 B: Open for business... Lonesome Ghosts 72 C: Napping ghostnabbers... Lonesome Ghosts 73 G: Caught in the middle... The Mad Doctor 74 H: A skeletal staircase... The Mad Doctor 75 I: A mad doctor!! The Mad Doctor 76 D: ""Oh, no, Pluto's missing!"" The Mad Doctor 77 E: ""Let me in!"" The Mad Doctor 78 F: A skeleton's welcome... The Mad Doctor 79 A: The Mad Doctor The Mad Doctor 80 B: One dark, stormy night... The Mad Doctor 81 C: A dog is nabbed... The Mad Doctor 82 G: Fork it over!! Donald's Crime 83 H: In the money!! Donald's Crime 84 I: A guilt-ridden uncle... Donald's Crime 85 D: Money in the bank... Donald's Crime 86 E: A devilish scheme... Donald's Crime 87 F: Working on his cut... Donald's Crime 88 A: Donald's Crime Donald's Crime 89 B: ""A date with Daisy!"" Donald's Crime 90 C: Flat broke! Donald's Crime 91 G: And we're off... The Art of Skiing 92 H: Divided he stands... Donald's Crime 93 I: A real twister! Donald's Crime 94 D: A striking pose! Donald's Crime 95 E: Something up his sleeve... Donald's Crime 96 F: Head over heels! Donald's Crime 97 A: The Art of Skiing Donald's Crime 98 B: Sleeping like a log... Donald's Crime 99 C: The ultimate back scratcher... Donald's Crime Family Portraits 100 Mickey's Bio: Birthday 101 Minnie's Bio 102 Goofy's Bio: Original Name 103 Pluto's Bio 104 Donald's Bio: Birthday 105 Daisy's Bio 106 Mickey's Bio: Outlook 107 Donald's Bio: Favorite Saying 108 Goofy's Bio: Hobby 109 Brave Little Tailor",NULL,0,1938,NULL,enriched,"s) through Toys 'R Us. The ""Favorite Stories"" cards were arranged so that a story would unfold when cards are placed in nine-pocket pages, e.g., A-B-C-D-E-F-G-H-I-1-2-3-4-5-6-7-8-9. Thanks to Walt Meder for the update! No. Title Story / Type Favorite Stories 1 G: ""A giant killer--me!?"" Brave Little Tailor 2 H: A hero's sendoff... Brave Little Tailor 3 I: ""How to catch a giant?"" Brave Little Tailor 4 D: ""Oh boy, seven in one blow!"" Brave Little Tailor 5 E: Gloom in the throne room... Brave Little Tailor 6 F: ""Conquer the giant--marry my daughter!"" Brave Little Tailor 7 A: Brave Little Tailor Brave Little Tailor 8 B: Citizens Beware! Brave Little Tailor 9 C: Bothered by flies... Brave Little Tailor 10 G: A place to hide... Bone Trouble 11 H: A tall story... Bone Trouble 12 I: ""Smile..."" Bone Trouble 13 D: A bone to pick... Bone Trouble 14 E: Caught in the act... Bone Trouble 15 F: Run for your life! Bone Trouble 16 A: Bone Trouble Bone Trouble 17 B: Breakfast for the birds... Bone Trouble 18 C: A guarded treasure... Bone Trouble 19 G: A bundle of joy? Clock Cleaners 20 H: Father Time! Clock Cleaners 21 I: Time out of mind... Clock Cleaners 22 D: Spring cleaning... Clock Cleaners 23 E: In the works! Clock Cleaners 24 F: A fine-feathered friend... Clock Cleaners 25 A: Clock Cleaners Clock Cleaners 26 B: Making a clean sweep... Clock Cleaners 27 C: Getting in gear... Clock Cleaners 28 G: ""Aw, nuts!"" Thru the Mirror 29 H: Feeling small... Thru the Mirror 30 I: Hats off to Mickey! Thru the Mirror 31 D: The true reflection... Thru the Mirror 32 E: Through the looking glass... Thru the Mirror 33 F: A tasty treat? Thru the Mirror 34 A: Thru The Mirror Thru the Mirror 35 B: A book of wonder... Thru the Mirror 36 C: A dream unfolds... Thru the Mirror 37 G: Caveman ballet... Orphans' Benefit 38 H: Swan dive or belly flop?! Orphans' Benefit 39 I: A poet's reprise... Orphans' Benefit 40 D: ""Little Boy Blue..."" Orphans' Benefit 41 E: ""Come blow your horn..."" Orphans' Benefit 42 F: Donald blows his stack! Orphans' Benefit 43 A: Orphans' Benefit Orphans' Benefit 44 B: Fun and games... Orphans' Benefit 45 C: ""Introducing Donald Duck..."" Orphans' Benefit 46 G: A real cat-astrophe! Pluto's Judgement Day 47 H: ""Swear in the prisoner!"" Pluto's Judgement Day 48 I: Public Enemy Number One! Pluto's Judgement Day 49 D: A perplexed pooch... Pluto's Judgement Day 50 E: Scared out of his skin... Pluto's Judgement Day 51 F: A taunting tomcat... Pluto's Judgement Day 52 A: Pluto's Judgement Day Pluto's Judgement Day 53 B: The chase is on... Pluto's Judgement Day 54 C: In the doghouse... Pluto's Judgement Day 55 G: The big night... Symphony Hour 56 H: Money is in the air... Symphony Hour 57 I: A disaster waiting to happen... Symphony Hour 58 D: Donald on drums... Symphony Hour 59 E: On first bass with Clara Cluck... Symphony Hour 60 F: Music to his ears! Symphony Hour 61 A: Symphony Hour Symphony Hour 62 B: Playing a mean horn... Symphony Hour 63 C: Stringing along with Clarabelle... Symphony Hour 64 G: ""Is anybody home?"" Lonesome Ghosts 65 H: ""One for all... All for one!"" Lonesome Ghosts 66 I: A spooky shadow... Lonesome Ghosts 67 D: A ghostly persuasion... Lonesome Ghosts 68 E: ""We're on the case!"" Lonesome Ghosts 69 F: ""A-ghosting we shall go!"" Lonesome Ghosts 70 A: Lonesome Ghosts Lonesome Ghosts 71 B: Open for business... Lonesome Ghosts 72 C: Napping ghostnabbers... Lonesome Ghosts 73 G: Caught in the middle... The Mad Doctor 74 H: A skeletal staircase... The Mad Doctor 75 I: A mad doctor!! The Mad Doctor 76 D: ""Oh, no, Pluto's missing!"" The Mad Doctor 77 E: ""Let me in!"" The Mad Doctor 78 F: A skeleton's welcome... The Mad Doctor 79 A: The Mad Doctor The Mad Doctor 80 B: One dark, stormy night... The Mad Doctor 81 C: A dog is nabbed... The Mad Doctor 82 G: Fork it over!! Donald's Crime 83 H: In the money!! Donald's Crime 84 I: A guilt-ridden uncle... Donald's Crime 85 D: Money in the bank... Donald's Crime 86 E: A devilish scheme... Donald's Crime 87 F: Working on his cut... Donald's Crime 88 A: Donald's Crime Donald's Crime 89 B: ""A date with Daisy!"" Donald's Crime 90 C: Flat broke! Donald's Crime 91 G: And we're off... The Art of Skiing 92 H: Divided he stands... Donald's Crime 93 I: A real twister! Donald's Crime 94 D: A striking pose! Donald's Crime 95 E: Something up his sleeve... Donald's Crime 96 F: Head over heels! Donald's Crime 97 A: The Art of Skiing Donald's Crime 98 B: Sleeping like a log... Donald's Crime 99 C: The ultimate back scratcher... Donald's Crime Family Portraits 100 Mickey's Bio: Birthday 101 Minnie's Bio 102 Goofy's Bio: Original Name 103 Pluto's Bio 104 Donald's Bio: Birthday 105 Daisy's Bio 106 Mickey's Bio: Outlook 107 Donald's Bio: Favorite Saying 108 Goofy's Bio: Hobby 109 Brave Little Tailor",1938,Other,NULL
295,Disney Collector Cards Series II,NULL,1992,box,0,NULL,NULL,NULL,NULL,0,NULL,NULL,enriched,NULL,NULL,NULL,NULL
524,Disney Collector Cards Series II,NULL,1992,chase,0,NULL,NULL,"Chase/Insert set: en discovery... 14 N: Having a ball! 15 O: Up to his old tricks... 16 J: Castle in the clouds... 17 K: A Giant Smorgasbord! 18 L: A feast fit for a king!! Goofy and Wilbur 19 G: A helping hand! 20 H: ""We coulda lost ya!"" 21 I: Holy mackerel!! 22 D: What a whopper! 23 E: Anybody home?? 24 F: Cough 'em up! 25 A: Goofy and Wilbur 26 B: A good sign... 27 C: ""Do yer stuff!"" Lend a Paw 28 G: A devilish prank... 29 H: Fishin' for trouble... 30 I: Pluto takes the rap! 31 D: Cute as a button! 32 E: Dog-gone jealous! 33 F: A friendly persuasion... 34 A: Lend a Paw 35 B: A chilling sight! 36 A risky rescue... The Mail Pilot 37 G: The eye of the storm... 38 H: Ice 'n up! 39 I: Smooth sailin' ahead... 40 D: Proud Pilot Mickey! 41 E: Public Enemy #1 42 F: Lucky charm... 43 A: ""The Mail Pilot"" 44 B: Gearing up... 45 C: Maximum security... Mickey's Trailer 46 G: Brewing up a storm! 47 H: Bathing Beauty! 48 I: Up to their ears... 49 D: The day unfolds... 50 E: A change of scene... 51 F: Ready to roll! 52 A: ""Mickey's Trailer"" 53 B: Rise and shine! 54 C: Who turned on the lights? Mr. Duck Steps Out 55 G: Alone at last... 56 H: Dancin' up a storm! 57 I: A Daisy chain... 58 D: Duckin out... 59 E: Struttin' his stuff... 60 F: ""Beat-cha!!"" 61 A: Mr. Duck steps out 62 B: Pretty as a picture... 63 C: 23 Skidoo! The Nifty Nineties 64 G: ""Two for the show!"" 65 H: Showtime! 66 I: A grim tale... 67 D: Peek-a-boo! 68 E: Hearts a-flutter... 69 F: A perfect gentleman... 70 A: The Nifty Nineties 71 B: A dandy day! 72 C: Lookin' spiffy! Society Dog Show 73 G: Eau de Pluto! 74 H: Love at first sight... 75 I: As snooty as they come! 76 D: Lucky 13?? 77 E: Primped to perfection!! 78 F: Chihuahua wow-wow! 79 A: Society Dog Show 80 B: A grand entrance... 81 C: Headin' for the big time! Moose Hunters 82 G: Heaven scent! 83 H: In the mood for love... 84 I: In full swing... 85 D: Caught with his pants down... 86 E: A secret alliance... 87 F: Ducking for cover... 88 A: Moose Hunters 89 B: Call of the wild... 90 C: In the thick of things... How to be a Sailor 91 G: Over the edge... 92 H: Pirates Ahoy! 93 I: ""Shiver me timbers!"" 94 D: Star light, star bright... 95 E: Catch a falling star... 96 F: Sweating it out... 97 A: How to be a Sailor 98 B: Water-logged! 99 C: An upstream battle... Family Portraits Cinema 100 Steamboat Willie - 1928 101 Building a Building - 1933 102 Tugboat Mickey - 1940 103 Sea Scouts - 1939 104 Barnyard Olympics - 1932 105 The Steamroller - 1934 106 The Mad Dog - 1932 107 Mickey's Circus - 1936 108 Bone Trouble - 1940 109 Modern Inventions - 1937 110 Two Gun Mickey - 1934 111 Mickey's Polo Team - 1936 112 Society Dog Show - 1939 113 Mickey's Revue - 1932 114 Officer Duck - 1939 115 Mickey's Nightmare - 1932 116 Lonesome Ghosts - 1937 117 Sky Trooper - 1942 Comic Strips 118 Mickey Mouse Outwits the Phantom Blot 119 May 20, 1939 - Sept. 9, 1939 120 Did You Know? 121 Blaggard Castle 122 Nov. 12, 1932 - Feb. 10, 1933 123 Did You Know? 124 he Sacred Jewel 125 Oct. 15, 1934 - Dec. 29, 1934 126 Did You Know? 127 The Mail Pilot 128 Feb 27, 1933 - June 10, 1933 129 Did You Know? 130 Race for Riches 131 June 3, 1935 - Sept. 28, 1935 132 Did You Know? 133 The Captive Castaways 134 Jan. 10, 1934 - April 17, 1934 135 Did You Know? 136 Lost On A Desert Island 137 Jan. 13, 1930 - March 31, 1930 138 Did You Know? 139 Mickey and His Horse Tanglefoot 140 June 12, 1933 - Oct. 7, 1933 141 Did You Know? 142 Bobo The Elephant 143 July 30, 1934 - Oct. 13, 1934 144 Did You Know? Through the Ages 145 Steamboat Willie",NULL,0,1928,NULL,enriched,"en discovery... 14 N: Having a ball! 15 O: Up to his old tricks... 16 J: Castle in the clouds... 17 K: A Giant Smorgasbord! 18 L: A feast fit for a king!! Goofy and Wilbur 19 G: A helping hand! 20 H: ""We coulda lost ya!"" 21 I: Holy mackerel!! 22 D: What a whopper! 23 E: Anybody home?? 24 F: Cough 'em up! 25 A: Goofy and Wilbur 26 B: A good sign... 27 C: ""Do yer stuff!"" Lend a Paw 28 G: A devilish prank... 29 H: Fishin' for trouble... 30 I: Pluto takes the rap! 31 D: Cute as a button! 32 E: Dog-gone jealous! 33 F: A friendly persuasion... 34 A: Lend a Paw 35 B: A chilling sight! 36 A risky rescue... The Mail Pilot 37 G: The eye of the storm... 38 H: Ice 'n up! 39 I: Smooth sailin' ahead... 40 D: Proud Pilot Mickey! 41 E: Public Enemy #1 42 F: Lucky charm... 43 A: ""The Mail Pilot"" 44 B: Gearing up... 45 C: Maximum security... Mickey's Trailer 46 G: Brewing up a storm! 47 H: Bathing Beauty! 48 I: Up to their ears... 49 D: The day unfolds... 50 E: A change of scene... 51 F: Ready to roll! 52 A: ""Mickey's Trailer"" 53 B: Rise and shine! 54 C: Who turned on the lights? Mr. Duck Steps Out 55 G: Alone at last... 56 H: Dancin' up a storm! 57 I: A Daisy chain... 58 D: Duckin out... 59 E: Struttin' his stuff... 60 F: ""Beat-cha!!"" 61 A: Mr. Duck steps out 62 B: Pretty as a picture... 63 C: 23 Skidoo! The Nifty Nineties 64 G: ""Two for the show!"" 65 H: Showtime! 66 I: A grim tale... 67 D: Peek-a-boo! 68 E: Hearts a-flutter... 69 F: A perfect gentleman... 70 A: The Nifty Nineties 71 B: A dandy day! 72 C: Lookin' spiffy! Society Dog Show 73 G: Eau de Pluto! 74 H: Love at first sight... 75 I: As snooty as they come! 76 D: Lucky 13?? 77 E: Primped to perfection!! 78 F: Chihuahua wow-wow! 79 A: Society Dog Show 80 B: A grand entrance... 81 C: Headin' for the big time! Moose Hunters 82 G: Heaven scent! 83 H: In the mood for love... 84 I: In full swing... 85 D: Caught with his pants down... 86 E: A secret alliance... 87 F: Ducking for cover... 88 A: Moose Hunters 89 B: Call of the wild... 90 C: In the thick of things... How to be a Sailor 91 G: Over the edge... 92 H: Pirates Ahoy! 93 I: ""Shiver me timbers!"" 94 D: Star light, star bright... 95 E: Catch a falling star... 96 F: Sweating it out... 97 A: How to be a Sailor 98 B: Water-logged! 99 C: An upstream battle... Family Portraits Cinema 100 Steamboat Willie - 1928 101 Building a Building - 1933 102 Tugboat Mickey - 1940 103 Sea Scouts - 1939 104 Barnyard Olympics - 1932 105 The Steamroller - 1934 106 The Mad Dog - 1932 107 Mickey's Circus - 1936 108 Bone Trouble - 1940 109 Modern Inventions - 1937 110 Two Gun Mickey - 1934 111 Mickey's Polo Team - 1936 112 Society Dog Show - 1939 113 Mickey's Revue - 1932 114 Officer Duck - 1939 115 Mickey's Nightmare - 1932 116 Lonesome Ghosts - 1937 117 Sky Trooper - 1942 Comic Strips 118 Mickey Mouse Outwits the Phantom Blot 119 May 20, 1939 - Sept. 9, 1939 120 Did You Know? 121 Blaggard Castle 122 Nov. 12, 1932 - Feb. 10, 1933 123 Did You Know? 124 he Sacred Jewel 125 Oct. 15, 1934 - Dec. 29, 1934 126 Did You Know? 127 The Mail Pilot 128 Feb 27, 1933 - June 10, 1933 129 Did You Know? 130 Race for Riches 131 June 3, 1935 - Sept. 28, 1935 132 Did You Know? 133 The Captive Castaways 134 Jan. 10, 1934 - April 17, 1934 135 Did You Know? 136 Lost On A Desert Island 137 Jan. 13, 1930 - March 31, 1930 138 Did You Know? 139 Mickey and His Horse Tanglefoot 140 June 12, 1933 - Oct. 7, 1933 141 Did You Know? 142 Bobo The Elephant 143 July 30, 1934 - Oct. 13, 1934 144 Did You Know? Through the Ages 145 Steamboat Willie",1928,Autographed,NULL
74,Disneyland   (Donnuss),NULL,NULL,base,0,NULL,NULL,NULL,NULL,1,,,unvalidated,,,,
75,Dragonhart,NULL,1996,base,0,NULL,NULL,NULL,NULL,1,NULL,NULL,enriched,NULL,NULL,NULL,NULL
76,Dune,NULL,1987,base,0,NULL,NULL,NULL,NULL,1,NULL,NULL,enriched,NULL,NULL,NULL,NULL
77,E.T.,NULL,1982,base,0,NULL,NULL,NULL,NULL,1,NULL,NULL,enriched,NULL,NULL,NULL,NULL
495,E.T.,NULL,1982,sticker,0,NULL,NULL,NULL,NULL,1,NULL,NULL,enriched,NULL,NULL,NULL,NULL
78,Easley. Jeff,NULL,1995,base,0,NULL,NULL,NULL,NULL,2,NULL,NULL,enriched,NULL,NULL,NULL,NULL
79,Escape of the Dinosaurs,NULL,1993,base,0,NULL,NULL,NULL,NULL,1,NULL,NULL,enriched,NULL,NULL,NULL,NULL
80,Excalibur,NULL,1989,base,0,NULL,NULL,NULL,NULL,1,NULL,NULL,enriched,NULL,NULL,NULL,NULL
81,Farscape: in Motion,NULL,2001,base,0,NULL,NULL,NULL,NULL,1,500,NULL,enriched,NULL,NULL,NULL,NULL
82,Farscape: Season 1,Rittenhouse Archives,2000,base,0,NULL,NULL,NULL,NULL,3,NULL,NULL,enriched,NULL,NULL,NULL,NULL
83,Farscape: Season 2,Rittenhouse Archives,2001,base,0,NULL,NULL,NULL,NULL,2,NULL,NULL,enriched,NULL,NULL,NULL,NULL
297,Farscape: Season 3,NULL,2002,base,0,NULL,NULL,NULL,NULL,1,NULL,NULL,enriched,NULL,NULL,NULL,NULL
84,Farscape: Ships of,NULL,1999,base,0,NULL,NULL,NULL,NULL,1,NULL,NULL,enriched,"s .c1 { color: red; font-family: arial, helvetica, sans-serif; font-size: 22pt; font-weight: bold; } .c2 {color: #550000; font-family: times, times new roman, serif; font-size: 14pt; } .c3 {font-family: courier, courier new, monosize; font-size: 12pt; } .c4 {font-family: courier, courier new, monosize; font-size: 10pt; } .c5 {color: blue; font-family: serif; font-size: 14pt; } The House of Checklists is provided as an information resource for non-sports card collectors. The lists are not an offer to sell or to buy. Please click on the image above to visit the main page. Farscape Special Limited Edition Sets Rittenhouse Archives - 1999-2001 Notes: Rittenhouse issued a variety of special limited-edition sets for direct sale or specific markets. Thanks much to Ed Webb, David Brazelton, and Ricky D for additions and updates! SEASON ONE PREVIEW SET",1999,LimitedEdition,NULL
525,Farscape: Ships of,NULL,1999,chase,0,NULL,NULL,"Chase/Insert set: s .c1 { color: red; font-family: arial, helvetica, sans-serif; font-size: 22pt; font-weight: bold; } .c2 {color: #550000; font-family: times, times new roman, serif; font-size: 14pt; } .c3 {font-family: courier, courier new, monosize; font-size: 12pt; } .c4 {font-family: courier, courier new, monosize; font-size: 10pt; } .c5 {color: blue; font-family: serif; font-size: 14pt; } The House of Checklists is provided as an information resource for non-sports card collectors. The lists are not an offer to sell or to buy. Please click on the image above to visit the main page. Farscape Special Limited Edition Sets Rittenhouse Archives - 1999-2001 Notes: Rittenhouse issued a variety of special limited-edition sets for direct sale or specific markets. Thanks much to Ed Webb, David Brazelton, and Ricky D for additions and updates! SEASON ONE PREVIEW SET",NULL,0,1999,NULL,enriched,"s .c1 { color: red; font-family: arial, helvetica, sans-serif; font-size: 22pt; font-weight: bold; } .c2 {color: #550000; font-family: times, times new roman, serif; font-size: 14pt; } .c3 {font-family: courier, courier new, monosize; font-size: 12pt; } .c4 {font-family: courier, courier new, monosize; font-size: 10pt; } .c5 {color: blue; font-family: serif; font-size: 14pt; } The House of Checklists is provided as an information resource for non-sports card collectors. The lists are not an offer to sell or to buy. Please click on the image above to visit the main page. Farscape Special Limited Edition Sets Rittenhouse Archives - 1999-2001 Notes: Rittenhouse issued a variety of special limited-edition sets for direct sale or specific markets. Thanks much to Ed Webb, David Brazelton, and Ricky D for additions and updates! SEASON ONE PREVIEW SET",1999,LimitedEdition,NULL
526,Farscape: Ships of,NULL,1999,chase,0,NULL,NULL,Chase/Insert set: EDITION,NULL,0,2000,NULL,enriched,EDITION,2000,Other,NULL
527,Farscape: Ships of,NULL,1999,chase,0,NULL,NULL,"Chase/Insert set: to 2000 copies, with 500 each signed by Claudia Black, Gigi Edgely, or Virginia Hey. See images at Snurcher's Cache . No. Title SF1 John Crichton SF2 Aeryn Sun SF3 Ka D'Argo SF4 Pa'u Zotoh Zhaan SF5 Captain Crais SF6 Chiana Autographed Versions SF2 Claudia Black - Aeryn Sun SF4 Virginia Hey - Zhaan SF6 Gigi Edgely - Chiana FANDOM LIMITED EDITION SET",NULL,0,2000,NULL,enriched,"to 2000 copies, with 500 each signed by Claudia Black, Gigi Edgely, or Virginia Hey. See images at Snurcher's Cache . No. Title SF1 John Crichton SF2 Aeryn Sun SF3 Ka D'Argo SF4 Pa'u Zotoh Zhaan SF5 Captain Crais SF6 Chiana Autographed Versions SF2 Claudia Black - Aeryn Sun SF4 Virginia Hey - Zhaan SF6 Gigi Edgely - Chiana FANDOM LIMITED EDITION SET",2000,Autographed,NULL
528,Farscape: Ships of,NULL,1999,chase,0,NULL,NULL,Chase/Insert set: to 1000 copies. No. Title F1 Farscape Cast Montage F2 John Crichton F3 Aeryn Sun F4 Ka D'Argo F5 Pa'u Zotoh Zhaan F6 Chiana FARSCAPE IN MOTION PREVIEW SET,NULL,0,2000,NULL,enriched,to 1000 copies. No. Title F1 Farscape Cast Montage F2 John Crichton F3 Aeryn Sun F4 Ka D'Argo F5 Pa'u Zotoh Zhaan F6 Chiana FARSCAPE IN MOTION PREVIEW SET,2000,Other,NULL
529,Farscape: Ships of,NULL,1999,chase,0,NULL,NULL,"Chase/Insert set: factory set, numbered to 333. See images at Rittenhouse website No. Title M1 An Obsession Begins M2 Prepare for Starburst M3 Pilot in Control M4 Sharing Moya's Pain M5 Marauder in Pursuit M6 The Qualta Unsheathed M7 Aeryn Sun M8 In the Spirit of Rygel The First M9 Where Is Home? SHIPS OF FARSCAPE SET",NULL,0,2000,NULL,enriched,"factory set, numbered to 333. See images at Rittenhouse website No. Title M1 An Obsession Begins M2 Prepare for Starburst M3 Pilot in Control M4 Sharing Moya's Pain M5 Marauder in Pursuit M6 The Qualta Unsheathed M7 Aeryn Sun M8 In the Spirit of Rygel The First M9 Where Is Home? SHIPS OF FARSCAPE SET",2000,Other,NULL
530,Farscape: Ships of,NULL,1999,chase,0,NULL,NULL,"Chase/Insert set: factory set, numbered to 2500. See images at Rittenhouse website No. Title FS1 Moya FS2 Talyn FS3 Farscape One FS4 Peacekeeper Prowler FS5 Peacekeeper Marauder FS6 Crais' Command Carrier FS7 The Zelbinion FS8 Moya's Transport Pod FS9 Stannz's Salvage Ship JOHN CRICHTON SET",NULL,0,2001,NULL,enriched,"factory set, numbered to 2500. See images at Rittenhouse website No. Title FS1 Moya FS2 Talyn FS3 Farscape One FS4 Peacekeeper Prowler FS5 Peacekeeper Marauder FS6 Crais' Command Carrier FS7 The Zelbinion FS8 Moya's Transport Pod FS9 Stannz's Salvage Ship JOHN CRICHTON SET",2001,Other,NULL
531,Farscape: Ships of,NULL,1999,chase,0,NULL,NULL,"Chase/Insert set: factory set, numbered to 999. No. Title D1 John Crichton in ""Throne for a Loss"" D2 John Crichton in ""Exodus from Genesis"" D3 John Crichton in ""Nerve"" D4 John Crichton in ""Taking the Stone"" D5 John Crichton in ""Out of Their Minds"" D6 John Crichton in ""A Kiss is but a Kiss"" VILLAINS OF FARSCAPE SET",NULL,0,2001,NULL,enriched,"factory set, numbered to 999. No. Title D1 John Crichton in ""Throne for a Loss"" D2 John Crichton in ""Exodus from Genesis"" D3 John Crichton in ""Nerve"" D4 John Crichton in ""Taking the Stone"" D5 John Crichton in ""Out of Their Minds"" D6 John Crichton in ""A Kiss is but a Kiss"" VILLAINS OF FARSCAPE SET",2001,Other,NULL
85,Fire Departments 1981,NULL,1981,base,0,NULL,NULL,NULL,NULL,1,22,NULL,enriched,NULL,NULL,NULL,NULL
86,Fire Engines 1,NULL,1993,base,0,NULL,NULL,NULL,NULL,2,NULL,NULL,enriched,NULL,NULL,NULL,NULL
461,Firefly,NULL,2006,base,0,NULL,NULL,NULL,NULL,1,NULL,NULL,enriched,NULL,NULL,NULL,NULL
87,Flash Gordon 90 #2630,NULL,1990,base,0,NULL,NULL,NULL,NULL,1,NULL,NULL,enriched,"Editions with a COA card numbered to 5,000. They show black-and-white stills from three Flash Gordon serials, and were produced by Michael V. Jasinksy and Ron Marchione. Thanks much to Sean Wright for the update! Series 1",1990,Other,NULL
532,Flash Gordon 90 #2630,NULL,1990,chase,0,NULL,NULL,"Chase/Insert set: Editions with a COA card numbered to 5,000. They show black-and-white stills from three Flash Gordon serials, and were produced by Michael V. Jasinksy and Ron Marchione. Thanks much to Sean Wright for the update! Series 1",NULL,0,1990,NULL,enriched,"Editions with a COA card numbered to 5,000. They show black-and-white stills from three Flash Gordon serials, and were produced by Michael V. Jasinksy and Ron Marchione. Thanks much to Sean Wright for the update! Series 1",1990,Other,NULL
533,Flash Gordon 90 #2630,NULL,1990,chase,0,NULL,NULL,"Chase/Insert set: Edition of 5,000 Series 2",NULL,0,1991,NULL,enriched,"Edition of 5,000 Series 2",1991,Other,NULL
534,Flash Gordon 90 #2630,NULL,1990,chase,0,NULL,NULL,"Chase/Insert set: Edition of 5,000 Series 3",NULL,0,1992,NULL,enriched,"Edition of 5,000 Series 3",1992,Other,NULL
88,Flintstones. The,NULL,1993,base,0,NULL,NULL,NULL,NULL,1,100,NULL,enriched,NULL,NULL,NULL,NULL
298,Fright Flicks,NULL,1988,box,0,NULL,NULL,NULL,NULL,0,NULL,NULL,enriched,NULL,NULL,NULL,NULL
89,G.I. Joe,NULL,1991,box,0,NULL,NULL,NULL,NULL,0,NULL,NULL,enriched,NULL,NULL,NULL,NULL
90,Garfield,NULL,1995,base,0,NULL,NULL,NULL,NULL,1,NULL,NULL,enriched,NULL,NULL,NULL,NULL
91,Garfield S1 Chrome,NULL,1995,base,0,NULL,NULL,NULL,NULL,1,NULL,NULL,enriched,NULL,NULL,NULL,NULL
92,Garfield S2 Chrome,NULL,1997,base,0,NULL,NULL,NULL,NULL,2,NULL,NULL,enriched,NULL,NULL,NULL,NULL
93,Gargoyles,NULL,1995,base,0,NULL,NULL,NULL,NULL,1,NULL,NULL,enriched,NULL,NULL,NULL,NULL
94,Giligans Island,NULL,1965,base,0,NULL,NULL,NULL,NULL,1,NULL,NULL,enriched,NULL,NULL,NULL,NULL
95,Godzilla: Chromium,NULL,1996,base,0,30,NULL,NULL,NULL,1,NULL,NULL,enriched,NULL,NULL,NULL,NULL
96,Godzilla: Japanese,NULL,1995,base,0,30,12,Paper,NULL,1,NULL,NULL,enriched,NULL,NULL,NULL,NULL
302,Godzilla: The Movie,NULL,1998,box,0,NULL,NULL,NULL,NULL,0,NULL,NULL,enriched,NULL,NULL,NULL,NULL
303,Gremlins,NULL,1984,box,0,NULL,NULL,NULL,NULL,0,NULL,NULL,enriched,NULL,NULL,NULL,NULL
97,Growing Pains,NULL,1988,box,0,NULL,NULL,NULL,NULL,0,NULL,NULL,enriched,NULL,NULL,NULL,NULL
496,DC Cosmic Cards (Impel),Impel Marketing,1992,base,0,NULL,NULL,NULL,NULL,1,NULL,NULL,enriched,NULL,NULL,NULL,NULL
98,Gunsmoke,NULL,1993,box,0,NULL,NULL,NULL,NULL,0,NULL,NULL,enriched,NULL,NULL,NULL,NULL
306,Happy Day's,NULL,1976,box,0,NULL,NULL,NULL,NULL,0,NULL,NULL,enriched,NULL,NULL,NULL,NULL
497,Harley Davidson,NULL,1994,base,0,NULL,NULL,NULL,NULL,2,NULL,NULL,enriched,NULL,NULL,NULL,NULL
99,Heavy Metall,NULL,1995,base,0,NULL,NULL,NULL,NULL,1,NULL,NULL,enriched,NULL,NULL,NULL,NULL
100,Hershey's,NULL,1995,base,0,NULL,NULL,NULL,NULL,1,NULL,NULL,enriched,NULL,NULL,NULL,NULL
101,Hilderbrandt 2 - 30 Years of Magic,NULL,1993,base,0,NULL,NULL,NULL,NULL,1,NULL,NULL,enriched,NULL,NULL,NULL,NULL
102,"Hilderbrandt, The Brothers",NULL,1994,base,0,NULL,NULL,NULL,NULL,2,NULL,NULL,enriched,NULL,NULL,NULL,NULL
103,"Hilderbrandts, The best of the",NULL,1996,box,0,NULL,NULL,NULL,NULL,0,NULL,NULL,enriched,NULL,NULL,NULL,NULL
104,Hilderbrandts: Greg & Tim - Seprate & Together,NULL,1995,box,0,NULL,NULL,NULL,NULL,0,NULL,NULL,enriched,NULL,NULL,NULL,NULL
105,Hollywood,NULL,NULL,base,0,NULL,NULL,NULL,NULL,1,,,unvalidated,,,,
106,Hook,NULL,1992,base,0,NULL,NULL,NULL,NULL,1,NULL,NULL,enriched,NULL,NULL,NULL,NULL
498,Hook,NULL,1992,sticker,0,NULL,NULL,NULL,NULL,1,NULL,NULL,enriched,NULL,NULL,NULL,NULL
309,Howard the Duck,NULL,1988,box,0,NULL,NULL,NULL,NULL,0,NULL,NULL,enriched,NULL,NULL,NULL,NULL
107,Hulk,NULL,1979,box,0,NULL,NULL,NULL,NULL,0,NULL,NULL,enriched,NULL,NULL,NULL,NULL
108,"Hunchback of Notre Dame, The",NULL,1996,base,0,NULL,NULL,NULL,NULL,1,101,NULL,enriched,NULL,NULL,NULL,NULL
310,I Love Lucy: Moments & Memories,NULL,1991,box,0,30,NULL,NULL,NULL,0,NULL,NULL,enriched,NULL,NULL,NULL,NULL
311,I Love Lucy: Pacific,NULL,1991,box,0,NULL,NULL,NULL,NULL,0,NULL,NULL,enriched,NULL,NULL,NULL,NULL
109,Image Universe,NULL,1995,base,0,NULL,NULL,NULL,NULL,1,90,NULL,enriched,NULL,NULL,NULL,NULL
312,Indiana Jones and the Temple of Doom,NULL,1984,box,0,NULL,NULL,NULL,NULL,0,NULL,NULL,enriched,NULL,NULL,NULL,NULL
313,Indiana Jones: Raiders of the Lost Ark,NULL,1981,box,0,NULL,NULL,NULL,NULL,0,NULL,NULL,enriched,NULL,NULL,NULL,NULL
314,It's a Wonderful Life,NULL,1996,box,0,NULL,NULL,NULL,NULL,0,NULL,NULL,enriched,NULL,NULL,NULL,NULL
315,James Bond: Goldeneye,NULL,1995,box,0,NULL,NULL,NULL,NULL,0,NULL,NULL,enriched,NULL,NULL,NULL,NULL
535,James Bond: Goldeneye,NULL,1995,chase,0,NULL,NULL,"Chase/Insert set: enEye"" is the nickname of the vacation home B4 What acress portrayed Miss Moneypenny in B5 Columbia Pictures released a James Bond spoof B6 In You Only Live Twice , Ernst Stavro Blofeld B7 What celebrity did Ian Fleming use as his B8 In The Living Daylights",NULL,0,1987,NULL,enriched,"enEye"" is the nickname of the vacation home B4 What acress portrayed Miss Moneypenny in B5 Columbia Pictures released a James Bond spoof B6 In You Only Live Twice , Ernst Stavro Blofeld B7 What celebrity did Ian Fleming use as his B8 In The Living Daylights",1987,Other,NULL
110,James Bond: Moonraker,NULL,1979,box,0,NULL,NULL,NULL,NULL,0,NULL,NULL,enriched,NULL,NULL,NULL,NULL
499,Jeffery Jones,NULL,1993,base,0,NULL,NULL,NULL,NULL,1,11,NULL,enriched,NULL,NULL,NULL,NULL
111,James Bond: Tomorrow Never Dies,NULL,1997,box,0,NULL,NULL,NULL,NULL,0,NULL,NULL,enriched,NULL,NULL,NULL,NULL
112,John Berkly,NULL,1994,box,0,NULL,NULL,NULL,NULL,0,NULL,NULL,enriched,NULL,NULL,NULL,NULL
500,Julie Bell Keepsake,NULL,1994,base,0,NULL,NULL,NULL,NULL,1,NULL,NULL,enriched,NULL,NULL,NULL,NULL
113,Judge Dredd: The Epics,NULL,1995,base,0,NULL,NULL,NULL,NULL,2,NULL,NULL,enriched,NULL,NULL,NULL,NULL
114,Jurassic Park 1,NULL,1993,base,0,NULL,NULL,NULL,NULL,4,NULL,NULL,enriched,NULL,NULL,NULL,NULL
501,Jurassic Park 1,NULL,1993,sticker,0,NULL,NULL,NULL,NULL,3,NULL,NULL,enriched,NULL,NULL,NULL,NULL
115,Jurassic Park 2,NULL,1993,base,0,NULL,NULL,NULL,NULL,1,NULL,NULL,enriched,NULL,NULL,NULL,NULL
320,Jurassic Park 3: 3D,NULL,2001,box,0,NULL,NULL,NULL,NULL,0,NULL,NULL,enriched,NULL,NULL,NULL,NULL
116,Justus League America,NULL,NULL,base,0,NULL,NULL,NULL,NULL,1,,,unvalidated,,,,
117,King Kong 76,NULL,1976,base,0,NULL,NULL,NULL,NULL,1,44,NULL,enriched,NULL,NULL,NULL,NULL
502,King Kong 76,NULL,1976,sticker,0,NULL,NULL,NULL,NULL,1,44,NULL,enriched,NULL,NULL,NULL,NULL
118,Kung Fu,NULL,1973,base,0,NULL,NULL,NULL,NULL,1,NULL,NULL,enriched,NULL,NULL,NULL,NULL
119,Last Action Hero,NULL,1993,base,0,NULL,NULL,NULL,NULL,2,NULL,NULL,enriched,NULL,NULL,NULL,NULL
120,Leave it to Beaver 83,Pacific,1983,base,60,NULL,NULL,NULL,NULL,1,NULL,NULL,enriched,NULL,NULL,NULL,NULL
321,"Lion King, The (Disney's)",NULL,1994,base,0,NULL,NULL,NULL,NULL,1,NULL,NULL,enriched,NULL,NULL,NULL,NULL
322,Lionel Greatest Trains,NULL,1998,box,0,NULL,NULL,NULL,NULL,0,NULL,NULL,enriched,NULL,NULL,NULL,NULL
323,Lionel Legendary Trains,NULL,1997,box,0,NULL,NULL,NULL,NULL,0,NULL,NULL,enriched,NULL,NULL,NULL,NULL
324,"Little Mermaid, The (Disney's)",NULL,1991,box,0,NULL,NULL,NULL,NULL,0,NULL,NULL,enriched,NULL,NULL,NULL,NULL
121,Little Shop of Horrors,NULL,1986,box,0,NULL,NULL,NULL,NULL,0,NULL,NULL,enriched,NULL,NULL,NULL,NULL
325,Lord of the Rings: Fellowship of the Rings,NULL,2001,box,0,NULL,NULL,NULL,NULL,0,NULL,NULL,enriched,NULL,NULL,NULL,NULL
503,Lord of the Rings: The Two Towers,NULL,2002,box,0,NULL,NULL,NULL,NULL,0,NULL,NULL,enriched,NULL,NULL,NULL,NULL
122,Lost in Space 66,NULL,1966,box,0,NULL,NULL,NULL,NULL,0,NULL,NULL,enriched,NULL,NULL,NULL,NULL
123,Lost in Space Reprint #59,NULL,1966,box,0,NULL,NULL,NULL,NULL,0,NULL,NULL,enriched,NULL,NULL,NULL,NULL
124,Lost in Space: Classic,NULL,1997,base,72,NULL,NULL,NULL,NULL,1,NULL,NULL,enriched,NULL,NULL,NULL,NULL
125,Lost in Space: Movie,Inkworks,1998,base,0,30,8,NULL,NULL,2,NULL,NULL,enriched,NULL,NULL,NULL,NULL
126,Man from U.N.C.L.E.,NULL,1965,box,0,NULL,NULL,NULL,NULL,0,NULL,NULL,enriched,NULL,NULL,NULL,NULL
504,James Bond Eclipse,Eclipse,1993,base,0,NULL,NULL,NULL,NULL,1,,,unvalidated,,,,
460,Mars Attacks:  (reprint),NULL,1962,box,0,NULL,NULL,NULL,NULL,0,NULL,NULL,enriched,NULL,NULL,NULL,NULL
127,Mars Attacks:  Wide,NULL,1996,base,0,NULL,NULL,NULL,NULL,1,NULL,NULL,enriched,NULL,NULL,NULL,NULL
128,Marvel 91 - Imple,Impel Marketing,1990,base,0,NULL,NULL,NULL,NULL,1,NULL,NULL,enriched,NULL,NULL,NULL,NULL
129,Marvel 91 - Skybox,SkyBox,NULL,base,0,NULL,NULL,NULL,NULL,1,,,unvalidated,,,,
130,Marvel Annual 94,Fleer,1994,base,0,NULL,NULL,NULL,NULL,1,NULL,NULL,enriched,Brotherhood of Evil Mutants 14 Man without Fear Origin of Daredevil 15 Scorpion vs Spider-Man Scorpion -vs- Spider-Man 16 Captain America The Origin of Captain America 17 Daredevil vs Submariner Daredevil -vs- Submariner 18 Invisible Woman Wedding of Reed & Sue 19 Sentinels Origin of the Sentinels 20 Coming of Galactus Galactus Appears 21 The Power Cosmic Origin of Silver Surfer 22 Spider-Man vs Green Goblin Spider-Man -vs- Green Goblin 23 Rhino vs Spider-Man Origin of Rhino 24 Mary Jane Peter Meets Mary Jane 25 Dr. Doom Doom Steals the Power Cosmic 26 Warlock Origin of Warlock 27 Behold the Vision Origin of The Vision 28 Mephisto Mephisto Appears 29 Morbius Origin of Morbius 30 The Original Ghost Rider Origin of Ghost Rider 31 Thanos Thanos Attacks 32 Death of Gwen Stacy Death of Gwen Stacy 33 The Punisher Punisher vs. Spider-Man 34 Wolverine vs Hulk Wolverine vs. Hulk 35 The Scarlet Witch The Wedding 36 Invaders Origin of the Invaders 37 The Black Cat Spider-Man meets the Black Cat 38 White Queen The Hellfire Club Revealed 39 She Hulk Origin of She Hulk 40 Moon Knight Origin of Moon Knight 41 Days of Future Past Days of Future Past 42 Elektra Elektra Appears 43 Death of Elektra Death of Elektra 44 Hobgoblin Hobgoblin Appears 45 Northstar Origin of Alpha Flight 46 Beta Ray Bill Ballad of Beta Ray Bill 47 The Trial of Mr. Fantastic The Trial of Reed Richards 48 The Black Costume The Black Costume Saga 49 Puma vs Spidey Origin of Puma 50 Silver Sable Inc. Silver Sable Inc. 51 Iceman Formation of X-Factor 52 Apocalypse Now Apocalypse Attacks 53 Deadly Enemies Sabretooth vs Wolverine 54 Nightcrawler Formation of Excalibur 55 Creation of Archangel The Creation of Archangel 56 Mr. Sinister Mr. Sinister Appears 57 The Wedding The Wedding of Spider-Man & Mary Jane 58 Jubilee The Origin of Jubilee 59 Armor Wars Armor Wars 60 Tombstone Tombstone vs. Spider-Man 61 Venom Origin of Venom 62 Typhoid Mary Origin of Typhoid Mary 63 Mr. Fix-It Mr. Fix-It 64 Speedball The Origin of Speedball 65 Cap vs Cap Captain America vs. The Captain 66 Quasar Universal Guardian 67 Cosmic Spider-Man The Cosmic Spider-Man 68 Nomad The Origin of Nomad 69 Thanos Thanos Quest 70 Bodyslide Cable Returns from the Future 71 New Ghost Rider Ghost Rider #1 72 Creation of Deathlok The Creation of Deathlok 73 The New Nova Origin of the New Warriors 74 Cable vs Wolverine Cable vs. Wolverine 75 Gambit Gambit Appears 76 X-Tinction Agenda X-Tinction Agenda 77 The New Hulk Hulk Reborn 78 Deadpool Deadpool Strikes 79 Shatterstar Origin of Shatterstar 80 X-Force New Mutants No More 81 Johnny Blaze The Return of Blaze 82 Child of the Future Child of the Future 83 X-Factor The New X-Factor 84 Blue & Gold Two Teams of X-Men 124 85 Bishop The Origin of Bishop 86 Omega Red vs Wolverine Omega Red vs. Wolverine 87 Punisher vs the Mob The Punisher Infiltrates the Mob 88 Carnage Origin of Carnage 89 Cage The New Cage 90 War Machine Outbreak of War Machine 91 Death of Mariko Death of Mariko 92 Spider Slayers Invasion of the Spider-Slayers 93 Nightstalkers The Origin of Nightstalkers 94 Spider-Man 2099 The Origin of Spider-Man 2099 95 Hulk Leads the Pantheon Hulk leads the Pantheon 96 Stryfe X-Cutioner's Song 97 Mirror Images Cable vs. Stryfe 98 Wonder Man Wonder Man Resurrected 99 Doom 2099 Doom of the Future 100 Lethal Protector Venom: Lethal Protector 101 Punisher 2099 Origin of Punisher 2099 102 Green Goblin The Death of Green Goblin 103 Alternate Visions Vision vs. Avengers 104 Maximum Carnage Maximum Carnage 105 Namor The Resurrection of Namor 106 Random Random Encounter 107 Psylocke Psylocke vs. Revanche 108 Psi-Lord The Coming of Psi-Lord 109 Thunderstrike Origin of Thunderstrike 110 Infinity Crusade The Infinity Crusade 111 Hulk 2099 The Origin of Hulk 2099 112 Cable Returns The Return of Cable 113 The Death of Illyana The Death of Illyana 114 Gambit & Rogue Gambit & Rogue 115 Vengeance Vengeance Appears 116 Daredevil Fall from Grace 117 The New Ravage The New Ravage 118 Wolverine Defeated Magneto vs Wolverine 119 Bone Claws Wolverine Leaves the X-Men 120 Magneto Returns Magneto Returns 121 Xavier vs Magneto Xavier vs. Magneto 122 Colossus Defects X-Man No More 123 Exodus Exodus Appears 124 Bloodhawk Origin of X-Men 2099 125 Zarathos Return of Zarathos 126 Final Conflict Mr. Fantastic vs. Dr. Doom 127 Centurious The Return of Centurious 128 The Thor Corps. The Thor Corps 129 Sabretooth Surrenders Jean Grey Defeats Sabretooth 130 Venom: The Madness Venom: The Madness 131 Strange The Coming of Strange 132 Suicide Run Suicide Run Begins 133 Legacy The Origin of Legacy 134 Justice Marvel Boy becomes Justice,135,Foil,NULL
536,Marvel Annual 94,Fleer,1994,chase,0,NULL,NULL,Chase/Insert set: Brotherhood of Evil Mutants 14 Man without Fear Origin of Daredevil 15 Scorpion vs Spider-Man Scorpion -vs- Spider-Man 16 Captain America The Origin of Captain America 17 Daredevil vs Submariner Daredevil -vs- Submariner 18 Invisible Woman Wedding of Reed & Sue 19 Sentinels Origin of the Sentinels 20 Coming of Galactus Galactus Appears 21 The Power Cosmic Origin of Silver Surfer 22 Spider-Man vs Green Goblin Spider-Man -vs- Green Goblin 23 Rhino vs Spider-Man Origin of Rhino 24 Mary Jane Peter Meets Mary Jane 25 Dr. Doom Doom Steals the Power Cosmic 26 Warlock Origin of Warlock 27 Behold the Vision Origin of The Vision 28 Mephisto Mephisto Appears 29 Morbius Origin of Morbius 30 The Original Ghost Rider Origin of Ghost Rider 31 Thanos Thanos Attacks 32 Death of Gwen Stacy Death of Gwen Stacy 33 The Punisher Punisher vs. Spider-Man 34 Wolverine vs Hulk Wolverine vs. Hulk 35 The Scarlet Witch The Wedding 36 Invaders Origin of the Invaders 37 The Black Cat Spider-Man meets the Black Cat 38 White Queen The Hellfire Club Revealed 39 She Hulk Origin of She Hulk 40 Moon Knight Origin of Moon Knight 41 Days of Future Past Days of Future Past 42 Elektra Elektra Appears 43 Death of Elektra Death of Elektra 44 Hobgoblin Hobgoblin Appears 45 Northstar Origin of Alpha Flight 46 Beta Ray Bill Ballad of Beta Ray Bill 47 The Trial of Mr. Fantastic The Trial of Reed Richards 48 The Black Costume The Black Costume Saga 49 Puma vs Spidey Origin of Puma 50 Silver Sable Inc. Silver Sable Inc. 51 Iceman Formation of X-Factor 52 Apocalypse Now Apocalypse Attacks 53 Deadly Enemies Sabretooth vs Wolverine 54 Nightcrawler Formation of Excalibur 55 Creation of Archangel The Creation of Archangel 56 Mr. Sinister Mr. Sinister Appears 57 The Wedding The Wedding of Spider-Man & Mary Jane 58 Jubilee The Origin of Jubilee 59 Armor Wars Armor Wars 60 Tombstone Tombstone vs. Spider-Man 61 Venom Origin of Venom 62 Typhoid Mary Origin of Typhoid Mary 63 Mr. Fix-It Mr. Fix-It 64 Speedball The Origin of Speedball 65 Cap vs Cap Captain America vs. The Captain 66 Quasar Universal Guardian 67 Cosmic Spider-Man The Cosmic Spider-Man 68 Nomad The Origin of Nomad 69 Thanos Thanos Quest 70 Bodyslide Cable Returns from the Future 71 New Ghost Rider Ghost Rider #1 72 Creation of Deathlok The Creation of Deathlok 73 The New Nova Origin of the New Warriors 74 Cable vs Wolverine Cable vs. Wolverine 75 Gambit Gambit Appears 76 X-Tinction Agenda X-Tinction Agenda 77 The New Hulk Hulk Reborn 78 Deadpool Deadpool Strikes 79 Shatterstar Origin of Shatterstar 80 X-Force New Mutants No More 81 Johnny Blaze The Return of Blaze 82 Child of the Future Child of the Future 83 X-Factor The New X-Factor 84 Blue & Gold Two Teams of X-Men 124 85 Bishop The Origin of Bishop 86 Omega Red vs Wolverine Omega Red vs. Wolverine 87 Punisher vs the Mob The Punisher Infiltrates the Mob 88 Carnage Origin of Carnage 89 Cage The New Cage 90 War Machine Outbreak of War Machine 91 Death of Mariko Death of Mariko 92 Spider Slayers Invasion of the Spider-Slayers 93 Nightstalkers The Origin of Nightstalkers 94 Spider-Man 2099 The Origin of Spider-Man 2099 95 Hulk Leads the Pantheon Hulk leads the Pantheon 96 Stryfe X-Cutioner's Song 97 Mirror Images Cable vs. Stryfe 98 Wonder Man Wonder Man Resurrected 99 Doom 2099 Doom of the Future 100 Lethal Protector Venom: Lethal Protector 101 Punisher 2099 Origin of Punisher 2099 102 Green Goblin The Death of Green Goblin 103 Alternate Visions Vision vs. Avengers 104 Maximum Carnage Maximum Carnage 105 Namor The Resurrection of Namor 106 Random Random Encounter 107 Psylocke Psylocke vs. Revanche 108 Psi-Lord The Coming of Psi-Lord 109 Thunderstrike Origin of Thunderstrike 110 Infinity Crusade The Infinity Crusade 111 Hulk 2099 The Origin of Hulk 2099 112 Cable Returns The Return of Cable 113 The Death of Illyana The Death of Illyana 114 Gambit & Rogue Gambit & Rogue 115 Vengeance Vengeance Appears 116 Daredevil Fall from Grace 117 The New Ravage The New Ravage 118 Wolverine Defeated Magneto vs Wolverine 119 Bone Claws Wolverine Leaves the X-Men 120 Magneto Returns Magneto Returns 121 Xavier vs Magneto Xavier vs. Magneto 122 Colossus Defects X-Man No More 123 Exodus Exodus Appears 124 Bloodhawk Origin of X-Men 2099 125 Zarathos Return of Zarathos 126 Final Conflict Mr. Fantastic vs. Dr. Doom 127 Centurious The Return of Centurious 128 The Thor Corps. The Thor Corps 129 Sabretooth Surrenders Jean Grey Defeats Sabretooth 130 Venom: The Madness Venom: The Madness 131 Strange The Coming of Strange 132 Suicide Run Suicide Run Begins 133 Legacy The Origin of Legacy 134 Justice Marvel Boy becomes Justice,NULL,0,135,NULL,enriched,Brotherhood of Evil Mutants 14 Man without Fear Origin of Daredevil 15 Scorpion vs Spider-Man Scorpion -vs- Spider-Man 16 Captain America The Origin of Captain America 17 Daredevil vs Submariner Daredevil -vs- Submariner 18 Invisible Woman Wedding of Reed & Sue 19 Sentinels Origin of the Sentinels 20 Coming of Galactus Galactus Appears 21 The Power Cosmic Origin of Silver Surfer 22 Spider-Man vs Green Goblin Spider-Man -vs- Green Goblin 23 Rhino vs Spider-Man Origin of Rhino 24 Mary Jane Peter Meets Mary Jane 25 Dr. Doom Doom Steals the Power Cosmic 26 Warlock Origin of Warlock 27 Behold the Vision Origin of The Vision 28 Mephisto Mephisto Appears 29 Morbius Origin of Morbius 30 The Original Ghost Rider Origin of Ghost Rider 31 Thanos Thanos Attacks 32 Death of Gwen Stacy Death of Gwen Stacy 33 The Punisher Punisher vs. Spider-Man 34 Wolverine vs Hulk Wolverine vs. Hulk 35 The Scarlet Witch The Wedding 36 Invaders Origin of the Invaders 37 The Black Cat Spider-Man meets the Black Cat 38 White Queen The Hellfire Club Revealed 39 She Hulk Origin of She Hulk 40 Moon Knight Origin of Moon Knight 41 Days of Future Past Days of Future Past 42 Elektra Elektra Appears 43 Death of Elektra Death of Elektra 44 Hobgoblin Hobgoblin Appears 45 Northstar Origin of Alpha Flight 46 Beta Ray Bill Ballad of Beta Ray Bill 47 The Trial of Mr. Fantastic The Trial of Reed Richards 48 The Black Costume The Black Costume Saga 49 Puma vs Spidey Origin of Puma 50 Silver Sable Inc. Silver Sable Inc. 51 Iceman Formation of X-Factor 52 Apocalypse Now Apocalypse Attacks 53 Deadly Enemies Sabretooth vs Wolverine 54 Nightcrawler Formation of Excalibur 55 Creation of Archangel The Creation of Archangel 56 Mr. Sinister Mr. Sinister Appears 57 The Wedding The Wedding of Spider-Man & Mary Jane 58 Jubilee The Origin of Jubilee 59 Armor Wars Armor Wars 60 Tombstone Tombstone vs. Spider-Man 61 Venom Origin of Venom 62 Typhoid Mary Origin of Typhoid Mary 63 Mr. Fix-It Mr. Fix-It 64 Speedball The Origin of Speedball 65 Cap vs Cap Captain America vs. The Captain 66 Quasar Universal Guardian 67 Cosmic Spider-Man The Cosmic Spider-Man 68 Nomad The Origin of Nomad 69 Thanos Thanos Quest 70 Bodyslide Cable Returns from the Future 71 New Ghost Rider Ghost Rider #1 72 Creation of Deathlok The Creation of Deathlok 73 The New Nova Origin of the New Warriors 74 Cable vs Wolverine Cable vs. Wolverine 75 Gambit Gambit Appears 76 X-Tinction Agenda X-Tinction Agenda 77 The New Hulk Hulk Reborn 78 Deadpool Deadpool Strikes 79 Shatterstar Origin of Shatterstar 80 X-Force New Mutants No More 81 Johnny Blaze The Return of Blaze 82 Child of the Future Child of the Future 83 X-Factor The New X-Factor 84 Blue & Gold Two Teams of X-Men 124 85 Bishop The Origin of Bishop 86 Omega Red vs Wolverine Omega Red vs. Wolverine 87 Punisher vs the Mob The Punisher Infiltrates the Mob 88 Carnage Origin of Carnage 89 Cage The New Cage 90 War Machine Outbreak of War Machine 91 Death of Mariko Death of Mariko 92 Spider Slayers Invasion of the Spider-Slayers 93 Nightstalkers The Origin of Nightstalkers 94 Spider-Man 2099 The Origin of Spider-Man 2099 95 Hulk Leads the Pantheon Hulk leads the Pantheon 96 Stryfe X-Cutioner's Song 97 Mirror Images Cable vs. Stryfe 98 Wonder Man Wonder Man Resurrected 99 Doom 2099 Doom of the Future 100 Lethal Protector Venom: Lethal Protector 101 Punisher 2099 Origin of Punisher 2099 102 Green Goblin The Death of Green Goblin 103 Alternate Visions Vision vs. Avengers 104 Maximum Carnage Maximum Carnage 105 Namor The Resurrection of Namor 106 Random Random Encounter 107 Psylocke Psylocke vs. Revanche 108 Psi-Lord The Coming of Psi-Lord 109 Thunderstrike Origin of Thunderstrike 110 Infinity Crusade The Infinity Crusade 111 Hulk 2099 The Origin of Hulk 2099 112 Cable Returns The Return of Cable 113 The Death of Illyana The Death of Illyana 114 Gambit & Rogue Gambit & Rogue 115 Vengeance Vengeance Appears 116 Daredevil Fall from Grace 117 The New Ravage The New Ravage 118 Wolverine Defeated Magneto vs Wolverine 119 Bone Claws Wolverine Leaves the X-Men 120 Magneto Returns Magneto Returns 121 Xavier vs Magneto Xavier vs. Magneto 122 Colossus Defects X-Man No More 123 Exodus Exodus Appears 124 Bloodhawk Origin of X-Men 2099 125 Zarathos Return of Zarathos 126 Final Conflict Mr. Fantastic vs. Dr. Doom 127 Centurious The Return of Centurious 128 The Thor Corps. The Thor Corps 129 Sabretooth Surrenders Jean Grey Defeats Sabretooth 130 Venom: The Madness Venom: The Madness 131 Strange The Coming of Strange 132 Suicide Run Suicide Run Begins 133 Legacy The Origin of Legacy 134 Justice Marvel Boy becomes Justice,135,Foil,NULL
537,Marvel Annual 94,Fleer,1994,chase,0,NULL,NULL,Chase/Insert set: Mutant Genesis,NULL,0,143,NULL,enriched,Mutant Genesis,143,Other,NULL
538,Marvel Annual 94,Fleer,1994,chase,0,NULL,NULL,Chase/Insert set: Mutant Genesis,NULL,0,144,NULL,enriched,Mutant Genesis,144,Other,NULL
131,Marvel Annual 95,Fleer,1995,base,150,24,9,Up for auction is a full 12 chase card set of 1995 Flair Marvel Annual Chromium. To complete this set one would need to go through about 2-3 boxes if odds are good. Each box costs about $85-$100 on ebay.,NULL,1,NULL,NULL,enriched,NULL,NULL,NULL,NULL
132,Marvel Masterpeice 93: Fleer,NULL,1993,base,0,NULL,NULL,NULL,NULL,1,NULL,NULL,enriched,NULL,NULL,NULL,NULL
133,Marvel Masterpeice 94: Fleer,NULL,1944,base,0,NULL,NULL,NULL,NULL,1,NULL,NULL,enriched,NULL,NULL,NULL,NULL
328,Marvel Masterpieces Collector Cards,NULL,1992,box,0,NULL,NULL,NULL,NULL,0,NULL,NULL,enriched,NULL,NULL,NULL,NULL
433,Marvel Masterpieces Final Edition,SkyBox,1993,box,0,30,6,NULL,NULL,0,,,unvalidated,,,,
134,Marvel Masterprints 5x7 94,NULL,2001,base,0,NULL,NULL,NULL,NULL,1,NULL,NULL,enriched,NULL,NULL,NULL,NULL
135,Marvel Universe 1,NULL,1990,base,0,NULL,NULL,NULL,NULL,1,NULL,NULL,enriched,NULL,NULL,NULL,NULL
136,Marvel Universe 2,NULL,1991,base,0,NULL,NULL,NULL,NULL,1,51,NULL,enriched,NULL,NULL,NULL,NULL
137,Marvel Universe 3,NULL,1992,base,0,NULL,NULL,NULL,NULL,1,NULL,NULL,enriched,NULL,NULL,NULL,NULL
333,Marvel Universe 4,NULL,1993,box,0,NULL,NULL,NULL,NULL,0,NULL,NULL,enriched,NULL,NULL,NULL,NULL
334,Marvel vs. Wildstorm,NULL,1997,box,0,NULL,NULL,NULL,NULL,0,90,NULL,enriched,NULL,NULL,NULL,NULL
138,Mash 82,NULL,1982,box,0,NULL,NULL,NULL,NULL,0,242,NULL,enriched,NULL,NULL,NULL,NULL
539,Mash 82,NULL,1982,chase,0,NULL,NULL,Chase/Insert set: ...) Box: 36 packs of 6 cards. Numerical sets,NULL,0,66,NULL,enriched,...) Box: 36 packs of 6 cards. Numerical sets,66,Other,NULL
139,"Masterpeice Collection, The -",NULL,1993,box,0,NULL,NULL,NULL,NULL,0,NULL,NULL,enriched,NULL,NULL,NULL,NULL
335,Maverick: The Movie,NULL,1995,base,0,NULL,NULL,NULL,NULL,1,NULL,NULL,enriched,NULL,NULL,NULL,NULL
140,Max Headroom,NULL,1986,base,0,NULL,NULL,NULL,NULL,1,NULL,NULL,enriched,NULL,NULL,NULL,NULL
141,McHales Navey 65,NULL,1965,box,0,NULL,NULL,NULL,NULL,0,NULL,NULL,enriched,NULL,NULL,NULL,NULL
336,Men in Black,NULL,1997,box,0,NULL,NULL,NULL,NULL,0,NULL,NULL,enriched,NULL,NULL,NULL,NULL
142,Milk & Cheese,NULL,1995,base,0,NULL,NULL,NULL,NULL,1,50,NULL,enriched,NULL,NULL,NULL,NULL
143,Miller: Ron,NULL,1994,base,0,NULL,NULL,NULL,NULL,1,NULL,NULL,enriched,NULL,NULL,NULL,NULL
435,Moonraker,NULL,1979,base,0,30,NULL,THE MOVE STARRING ROGER MOORE.,NULL,1,NULL,NULL,enriched,NULL,NULL,NULL,NULL
337,Native Americans 1,NULL,1995,box,0,NULL,NULL,NULL,NULL,0,NULL,NULL,enriched,NULL,NULL,NULL,NULL
144,Norman Rockwell 1,NULL,1993,base,0,NULL,NULL,NULL,NULL,1,NULL,NULL,enriched,NULL,NULL,NULL,NULL
145,Norman Rockwell 2,NULL,1995,base,0,NULL,NULL,NULL,NULL,1,NULL,NULL,enriched,NULL,NULL,NULL,NULL
146,Olympic games: Centenial,NULL,1995,base,0,NULL,NULL,NULL,NULL,2,NULL,NULL,enriched,NULL,NULL,NULL,NULL
147,Pepsi 1,NULL,1994,base,0,NULL,NULL,NULL,NULL,3,NULL,NULL,enriched,NULL,NULL,NULL,NULL
148,Pepsi 1 Secondary,NULL,NULL,base,0,NULL,NULL,NULL,NULL,1,,,unvalidated,,,,
437,Pepsi 2,NULL,1995,box,0,30,NULL,NULL,NULL,0,NULL,NULL,enriched,NULL,NULL,NULL,NULL
149,Pepsi 2: Tin,NULL,NULL,box,0,NULL,NULL,NULL,NULL,0,,,unvalidated,,,,
150,Pepsi Primium,NULL,1996,box,0,NULL,NULL,NULL,NULL,0,NULL,NULL,enriched,NULL,NULL,NULL,NULL
151,Phantom - The,NULL,1996,base,0,NULL,NULL,NULL,NULL,1,NULL,NULL,enriched,NULL,NULL,NULL,NULL
152,Planet of the Apes: The Archives,NULL,1999,box,0,NULL,NULL,NULL,NULL,0,NULL,NULL,enriched,NULL,NULL,NULL,NULL
153,Pocahontas,NULL,1995,base,0,NULL,NULL,NULL,NULL,1,NULL,NULL,enriched,NULL,NULL,NULL,NULL
154,Popeye,NULL,1994,base,0,NULL,NULL,NULL,NULL,1,NULL,NULL,enriched,"31 Gobs of Work 32 Money Talks 33 One Belle and All's Not Well 34 The Crockery Massager 35 Rolling the Bones 36 Popeye's First Kiss 37 1931: Thimble Theatre Starring Popeye 38 1932: The First Appearance of Bluto 39 1933: The First Appearance of Swee' Pea 40 1934: The new Popeye 41 The First Appearance of the Jeep 42 Doc Winner with Tom Sims 43 Joe Musial 44 Bela ""Bill"" Zaboly with Tom Sims 45 Bela ""Bill"" Zaboly with Ralph Stein 46 Bud Sagendorf 47 Bud Sagendorf 48 George Wildman 49 Bobby London 50 Hy Eisman The World of Popeye Cartoons 51 Popeye the Sailor",1933,Other,NULL
540,Popeye,NULL,1994,chase,0,NULL,NULL,"Chase/Insert set: 31 Gobs of Work 32 Money Talks 33 One Belle and All's Not Well 34 The Crockery Massager 35 Rolling the Bones 36 Popeye's First Kiss 37 1931: Thimble Theatre Starring Popeye 38 1932: The First Appearance of Bluto 39 1933: The First Appearance of Swee' Pea 40 1934: The new Popeye 41 The First Appearance of the Jeep 42 Doc Winner with Tom Sims 43 Joe Musial 44 Bela ""Bill"" Zaboly with Tom Sims 45 Bela ""Bill"" Zaboly with Ralph Stein 46 Bud Sagendorf 47 Bud Sagendorf 48 George Wildman 49 Bobby London 50 Hy Eisman The World of Popeye Cartoons 51 Popeye the Sailor",NULL,0,1933,NULL,enriched,"31 Gobs of Work 32 Money Talks 33 One Belle and All's Not Well 34 The Crockery Massager 35 Rolling the Bones 36 Popeye's First Kiss 37 1931: Thimble Theatre Starring Popeye 38 1932: The First Appearance of Bluto 39 1933: The First Appearance of Swee' Pea 40 1934: The new Popeye 41 The First Appearance of the Jeep 42 Doc Winner with Tom Sims 43 Joe Musial 44 Bela ""Bill"" Zaboly with Tom Sims 45 Bela ""Bill"" Zaboly with Ralph Stein 46 Bud Sagendorf 47 Bud Sagendorf 48 George Wildman 49 Bobby London 50 Hy Eisman The World of Popeye Cartoons 51 Popeye the Sailor",1933,Other,NULL
344,"Power Rangers: Mighty Morphin, The Movie 1995 Ultra",NULL,1995,box,0,NULL,NULL,NULL,NULL,0,,,unvalidated,,,,
155,Pro Set 92,NULL,1992,base,0,NULL,NULL,NULL,NULL,1,,,unvalidated,,,,
156,Raiders of the Lost Ark,NULL,1981,base,0,NULL,NULL,NULL,NULL,1,NULL,NULL,enriched,NULL,NULL,NULL,NULL
157,Rat Patrol 66,NULL,1966,box,0,NULL,NULL,NULL,NULL,0,NULL,NULL,enriched,NULL,NULL,NULL,NULL
158,Reboot Premiere Edition,NULL,1995,base,0,NULL,NULL,NULL,NULL,2,NULL,NULL,enriched,NULL,NULL,NULL,NULL
505,Marvel 92,Impel Marketing,1992,base,0,NULL,NULL,NULL,NULL,1,NULL,NULL,enriched,NULL,NULL,NULL,NULL
159,Richard Hiscox,NULL,1994,base,0,NULL,NULL,NULL,NULL,1,NULL,NULL,enriched,NULL,NULL,NULL,NULL
346,Robin Hood: Prince of Thieves,NULL,1991,box,0,NULL,NULL,NULL,NULL,0,55,NULL,enriched,NULL,NULL,NULL,NULL
160,Robo Cop 2,NULL,1990,base,0,NULL,NULL,NULL,NULL,1,NULL,NULL,enriched,NULL,NULL,NULL,NULL
462,Rocketeer,NULL,1991,base,0,NULL,NULL,NULL,NULL,1,121,NULL,enriched,NULL,NULL,NULL,NULL
161,Roger Rabbit,NULL,1988,base,0,NULL,NULL,NULL,NULL,1,NULL,NULL,enriched,NULL,NULL,NULL,NULL
347,Roswell,NULL,2000,box,0,NULL,NULL,NULL,NULL,0,NULL,NULL,enriched,NULL,NULL,NULL,NULL
162,Royals. The,NULL,1993,box,0,NULL,NULL,NULL,NULL,0,NULL,NULL,enriched,NULL,NULL,NULL,NULL
541,Royals. The,NULL,1993,chase,0,NULL,NULL,"Chase/Insert set: and foil- enhanced versions in hobby and jumbo packs, respectively. Thanks much to Bill DeFranzo for the update! Hobby Box: 48 packs of 9 cards. Common sets",NULL,0,111,NULL,enriched,"and foil- enhanced versions in hobby and jumbo packs, respectively. Thanks much to Bill DeFranzo for the update! Hobby Box: 48 packs of 9 cards. Common sets",111,Foil,NULL
163,Sailor Moon,NULL,1995,box,0,NULL,NULL,NULL,NULL,0,NULL,NULL,enriched,NULL,NULL,NULL,NULL
164,Sarayama 1,NULL,1994,base,0,NULL,NULL,NULL,NULL,2,NULL,NULL,enriched,NULL,NULL,NULL,NULL
348,Sea Quest DSV,NULL,1993,box,0,NULL,NULL,NULL,NULL,0,NULL,NULL,enriched,NULL,NULL,NULL,NULL
463,Sea Quest S1,NULL,1993,base,0,NULL,NULL,NULL,NULL,1,NULL,NULL,enriched,NULL,NULL,NULL,NULL
464,Serenity,NULL,2005,box,0,NULL,NULL,NULL,NULL,0,NULL,NULL,enriched,NULL,NULL,NULL,NULL
349,"Shadow, The",NULL,1994,box,0,NULL,NULL,NULL,NULL,0,NULL,NULL,enriched,NULL,NULL,NULL,NULL
465,Silver Surfer,NULL,1992,base,0,NULL,NULL,NULL,NULL,1,NULL,NULL,enriched,NULL,NULL,NULL,NULL
165,Sliders 1,Inkworks,1997,base,0,36,8,"FEATURING SCENES FROM THE TV SERIES. A BOX CONTAINS APPROXIMATLEY 1 LENTICULAR CARD, 2 PUZZLE CARDS, AND 3 EMBOSSED CARDS. ",NULL,1,NULL,NULL,enriched,NULL,NULL,NULL,NULL
166,Snowwhite 1,NULL,1993,base,0,NULL,NULL,NULL,NULL,3,NULL,NULL,enriched,NULL,NULL,NULL,NULL
167,Snowwhite 2,NULL,1994,base,0,NULL,NULL,NULL,NULL,1,NULL,NULL,enriched,NULL,NULL,NULL,NULL
168,Space 1999,NULL,1999,base,0,NULL,NULL,NULL,NULL,2,NULL,NULL,enriched,NULL,NULL,NULL,NULL
172,Space Shots Moon Mars,NULL,1991,base,0,NULL,NULL,NULL,NULL,1,NULL,NULL,enriched,NULL,NULL,NULL,NULL
169,Space Shots S1,NULL,1990,base,0,NULL,NULL,NULL,NULL,2,NULL,NULL,enriched,NULL,NULL,NULL,NULL
170,Space Shots S2,NULL,1991,base,0,NULL,NULL,NULL,NULL,1,NULL,NULL,enriched,NULL,NULL,NULL,NULL
171,Space Shots S3,NULL,1992,box,0,NULL,NULL,NULL,NULL,0,NULL,NULL,enriched,NULL,NULL,NULL,NULL
506,Sanjulian Collection,NULL,1994,base,0,NULL,NULL,NULL,NULL,1,NULL,NULL,enriched,NULL,NULL,NULL,NULL
466,Spiderman 92 S2 30th Anniversary,NULL,1962,base,0,NULL,NULL,NULL,NULL,1,NULL,NULL,enriched,NULL,NULL,NULL,NULL
173,Star Trek 1 - The Motion Picture,NULL,1979,box,0,NULL,NULL,NULL,NULL,0,NULL,NULL,enriched,NULL,NULL,NULL,NULL
174,Star Trek 4 - The Voyage Home,NULL,1987,box,0,NULL,NULL,NULL,NULL,0,NULL,NULL,enriched,NULL,NULL,NULL,NULL
175,Star Trek 6 - Generations,NULL,1995,base,0,NULL,NULL,NULL,NULL,3,NULL,NULL,enriched,NULL,NULL,NULL,NULL
176,Star Trek 7 - First Contact,NULL,1996,base,0,NULL,NULL,NULL,NULL,2,NULL,NULL,enriched,NULL,NULL,NULL,NULL
177,Star Trek 8 - Insurection,NULL,1998,box,0,NULL,NULL,NULL,NULL,0,NULL,NULL,enriched,NULL,NULL,NULL,NULL
178,Star Trek CCG-BB,NULL,NULL,box,0,NULL,NULL,NULL,NULL,0,,,unvalidated,,,,
439,Star Trek Deep Space Nine,NULL,1994,box,0,30,NULL,NULL,NULL,0,100,NULL,enriched,NULL,NULL,NULL,NULL
179,Star Trek DS9 Series Premiere,NULL,1993,box,0,NULL,NULL,NULL,NULL,0,100,NULL,enriched,NULL,NULL,NULL,NULL
355,Star Trek DS9 Series Premiere (little pckg),NULL,1993,box,0,NULL,NULL,NULL,NULL,0,100,NULL,enriched,NULL,NULL,NULL,NULL
180,Star Trek Master S1,SkyBox,1993,base,0,NULL,NULL,NULL,NULL,1,NULL,NULL,enriched,NULL,NULL,NULL,NULL
181,Star Trek Master S2,SkyBox,1994,base,0,NULL,NULL,NULL,NULL,1,NULL,NULL,enriched,NULL,NULL,NULL,NULL
359,Star Trek The Next Generation CCG (60 card starter sets) ?,NULL,NULL,box,0,NULL,NULL,NULL,NULL,0,,,unvalidated,,,,
360,Star Trek The Next Generation CCG 15 card exp Limited Edition,NULL,NULL,box,0,NULL,NULL,NULL,NULL,0,,,unvalidated,,,,
361,Star Trek The Next Generation Inaugural Edition,NULL,1992,box,0,NULL,NULL,NULL,NULL,0,120,NULL,enriched,NULL,NULL,NULL,NULL
182,Star Trek TNG S1,NULL,1994,base,0,NULL,NULL,NULL,NULL,2,NULL,NULL,enriched,NULL,NULL,NULL,NULL
183,Star Trek TNG S2,NULL,1995,box,0,NULL,NULL,NULL,NULL,0,NULL,NULL,enriched,NULL,NULL,NULL,NULL
184,Star Trek TNG S3,NULL,1995,box,0,NULL,NULL,NULL,NULL,0,NULL,NULL,enriched,NULL,NULL,NULL,NULL
185,Star Trek TNG S4,NULL,1996,box,0,NULL,NULL,NULL,NULL,0,NULL,NULL,enriched,NULL,NULL,NULL,NULL
186,Star Trek TNG S5,NULL,1996,box,0,NULL,NULL,NULL,NULL,0,NULL,NULL,enriched,NULL,NULL,NULL,NULL
187,Star Trek Voyager Profiles,NULL,1998,box,0,NULL,NULL,NULL,NULL,0,NULL,NULL,enriched,NULL,NULL,NULL,NULL
507,Star Trek TOS + TNG,NULL,NULL,base,0,NULL,NULL,NULL,NULL,1,,,unvalidated,,,,
508,ST Art & Images of ST TOS 2005,NULL,2005,base,0,NULL,NULL,NULL,NULL,1,,,unvalidated,,,,
